track_id,song_id,artist_id,artist_name,song_title,genre,dot_match_1,dot_match_2,dot_match_3,centered_match_1,centered_match_2,centered_match_3,corr_match_1,corr_match_2,corr_match_3,cosine_match_1,cosine_match_2,cosine_match_3
TRVYEUW128F148C08D,SOFCCWD12AF72A6BC0,ARXPPEY1187FB51DF4,Michael Jackson,All The Things You Are,blues,Lauryn Hill - Interlude 5,Twista - I'm A Winner (Amended Album Version),Katy Perry - Hot N Cold (Innerpartysystem Main),Lauryn Hill - Interlude 5,Twista - I'm A Winner (Amended Album Version),Katy Perry - Hot N Cold (Innerpartysystem Main),Tony Bennett - You're All The World To Me,Patricia Barber - You're The Top,Husker Du - You're A Soldier,Tony Bennett - You're All The World To Me,Patricia Barber - You're The Top,Husker Du - You're A Soldier
TRCXKPC128F92FD04C,SOEFNXT12AB017E829,ARZENOX1187B98A645,John Mayer,Vultures,blues,Beastie Boys - B-Boy Bouillabaisse: A.W.O.L. (2009 Digital Remaster),Lauryn Hill - Interlude 5,R. Kelly - I Mean (I Don't Mean It),R. Kelly - I Mean (I Don't Mean It),Beastie Boys - B-Boy Bouillabaisse: A.W.O.L. (2009 Digital Remaster),Eminem - 8 Mile,Naked Aggression - Plastic World,Ozma - The Ups And Downs,Sage Francis - Keep Moving,Naked Aggression - Plastic World,Ozma - The Ups And Downs,Sage Francis - Keep Moving
TRMMALW128F92FD049,SOVUCRS12A58A7D207,ARZENOX1187B98A645,John Mayer,Out Of My Mind,blues,Lauryn Hill - Interlude 5,Beastie Boys - B-Boy Bouillabaisse: A.W.O.L. (2009 Digital Remaster),Twista - I'm A Winner (Amended Album Version),Lauryn Hill - Interlude 5,Twista - I'm A Winner (Amended Album Version),Beastie Boys - B-Boy Bouillabaisse: A.W.O.L. (2009 Digital Remaster),Fat Joe - Preacher On A Sunday Morning,Calvin Harris - Ready For The Weekend,KATAKLYSM - Beyond Salvation,Fat Joe - Preacher On A Sunday Morning,Calvin Harris - Ready For The Weekend,KATAKLYSM - Beyond Salvation
TRJWAJC128F9327C4F,SORMDVX12AB01816AA,ARLMXEA1187B9A7D04,R. Kelly,Hump Bounce,blues,Lauryn Hill - Interlude 5,Beastie Boys - B-Boy Bouillabaisse: A.W.O.L. (2009 Digital Remaster),Erykah Badu - I Want You,Lauryn Hill - Interlude 5,Beastie Boys - B-Boy Bouillabaisse: A.W.O.L. (2009 Digital Remaster),Erykah Badu - I Want You,The Derek Trucks Band - All I Do,Avalon - Overjoyed,Billie Piper - Day And Night,The Derek Trucks Band - All I Do,Avalon - Overjoyed,Billie Piper - Day And Night
TRPEBTH128F9327C4D,SOYTJAC12AF729F49D,ARLMXEA1187B9A7D04,R. Kelly,Intro - The Sermon,blues,Lauryn Hill - Interlude 5,Beastie Boys - B-Boy Bouillabaisse: A.W.O.L. (2009 Digital Remaster),Twista - I'm A Winner (Amended Album Version),Lauryn Hill - Interlude 5,Beastie Boys - B-Boy Bouillabaisse: A.W.O.L. (2009 Digital Remaster),Twista - I'm A Winner (Amended Album Version),Blues Traveler - Hook,G-Unit - I Don't Want To Talk About It,Beastie Boys - B-Boy Bouillabaisse: A.W.O.L. (2009 Digital Remaster),Beastie Boys - B-Boy Bouillabaisse: A.W.O.L. (2009 Digital Remaster),Blues Traveler - Hook,G-Unit - I Don't Want To Talk About It
TRNWHUD128F932E304,SOXUKQZ12AB01860EE,ARXPPEY1187FB51DF4,Michael Jackson,Call On Me,blues,Lauryn Hill - Interlude 5,Twista - I'm A Winner (Amended Album Version),Beastie Boys - B-Boy Bouillabaisse: A.W.O.L. (2009 Digital Remaster),Lauryn Hill - Interlude 5,Twista - I'm A Winner (Amended Album Version),Erykah Badu - I Want You,Albert Hammond Jr - G Up,Anastacia - Club Megamix,Blues Traveler - Hook,Albert Hammond Jr - G Up,Anastacia - Club Megamix,Blues Traveler - Hook
TRFGGSX128F427A723,SOIBZAN12D02191BAF,ARS8GNX1187B9B5141,The Black Keys,Oceans and Streams,blues,Lauryn Hill - Interlude 5,Beastie Boys - B-Boy Bouillabaisse: A.W.O.L. (2009 Digital Remaster),Eminem - 8 Mile,Lauryn Hill - Interlude 5,Beastie Boys - B-Boy Bouillabaisse: A.W.O.L. (2009 Digital Remaster),Eminem - 8 Mile,Manafest - Runaway,The Cat Empire - The Car Song,Ballboy - I Don't Have Time To Stand Here With You Fighting About The Size Of My Dick,Manafest - Runaway,The Cat Empire - The Car Song,Ballboy - I Don't Have Time To Stand Here With You Fighting About The Size Of My Dick
TRPTCMZ128F9340B09,SOLKOOO12AB018794A,ARS8GNX1187B9B5141,The Black Keys,10 A.M. Automatic,blues,Lauryn Hill - Interlude 5,Twista - I'm A Winner (Amended Album Version),Michael Jackson - Man In The Mirror,Lauryn Hill - Interlude 5,Twista - I'm A Winner (Amended Album Version),Michael Jackson - Man In The Mirror,Warrant - Bad Tattoo,Doyle Bramhall - Dimples,Ayo - Only You,Warrant - Bad Tattoo,Doyle Bramhall - Dimples,Ayo - Only You
TRVKLGW12903CB4523,SOZCSPA12AB0185672,ARS8GNX1187B9B5141,The Black Keys,Aeroplane Blues,blues,Lauryn Hill - Interlude 5,Beastie Boys - B-Boy Bouillabaisse: A.W.O.L. (2009 Digital Remaster),R. Kelly - I Mean (I Don't Mean It),R. Kelly - I Mean (I Don't Mean It),Beastie Boys - B-Boy Bouillabaisse: A.W.O.L. (2009 Digital Remaster),Kandi - I Wanna Know,Johnny Cash - I Don't Know Where I'm Bound,LMFAO - I Am Not A Whore,Sneaky Sound System - 16,Johnny Cash - I Don't Know Where I'm Bound,LMFAO - I Am Not A Whore,Sneaky Sound System - 16
TRFBNZN128F9340B0E,SONGYFE12AB018562D,ARS8GNX1187B9B5141,The Black Keys,All Hands Against His Own,blues,Lauryn Hill - Interlude 5,Twista - I'm A Winner (Amended Album Version),Michael Jackson - Man In The Mirror,Lauryn Hill - Interlude 5,Twista - I'm A Winner (Amended Album Version),Eminem - My Darling,Brandy - Give Me You,Leonard Cohen - The Stranger Song,Athlete - New Project,Leonard Cohen - The Stranger Song,Brandy - Give Me You,Athlete - New Project
TRBYDKJ12903CA9D33,SOTXSMC12AB0182217,ARS8GNX1187B9B5141,The Black Keys,Black Door,blues,Kandi - I Wanna Know,Lauryn Hill - Interlude 5,Mario Vazquez - Everytime I...,Kandi - I Wanna Know,Lauryn Hill - Interlude 5,Mario Vazquez - Everytime I...,Kandi - I Wanna Know,Julia Fordham - Genius,Psapp - I Want That,Kandi - I Wanna Know,Julia Fordham - Genius,Psapp - I Want That
TRWJKJK128F9338FEF,SOIFDQD12AB01822F5,ARS8GNX1187B9B5141,The Black Keys,Busted,blues,Lauryn Hill - Interlude 5,Twista - I'm A Winner (Amended Album Version),Erykah Badu - I Want You,Lauryn Hill - Interlude 5,Twista - I'm A Winner (Amended Album Version),Erykah Badu - I Want You,Bow Wow - Sunshine,The Clash - 1-2 Crush On You,Hawthorne Heights - Rescue Me,Bow Wow - Sunshine,The Clash - 1-2 Crush On You,Hawthorne Heights - Rescue Me
TRUULBP12903CA9D23,SORMOIW12AB01887F0,ARS8GNX1187B9B5141,The Black Keys,Give Your Heart Away,blues,Lauryn Hill - Interlude 5,Michael Jackson - Man In The Mirror,Beastie Boys - B-Boy Bouillabaisse: A.W.O.L. (2009 Digital Remaster),Michael Jackson - Man In The Mirror,Lauryn Hill - Interlude 5,Twista - I'm A Winner (Amended Album Version),Elton John - Heart In The Right Place,Kenny Rogers - Endless love,Dru Hill - Share My World,Elton John - Heart In The Right Place,Kenny Rogers - Endless love,Dru Hill - Share My World
TRYYJHJ128F9340B19,SOKGVJH12A58A77920,ARS8GNX1187B9B5141,The Black Keys,Grown So Ugly,blues,Lauryn Hill - Interlude 5,Beastie Boys - B-Boy Bouillabaisse: A.W.O.L. (2009 Digital Remaster),Eminem - My Darling,Lauryn Hill - Interlude 5,Beastie Boys - B-Boy Bouillabaisse: A.W.O.L. (2009 Digital Remaster),Eminem - My Darling,Robert Johnson - 32 20 Blues,Robert Johnson - Kindhearted Woman Blues,Once Nothing - The Dust Of A Town,Robert Johnson - 32 20 Blues,Once Nothing - The Dust Of A Town,Jodeci - My Phone
TRHHJCL12903CB44B7,SOFRWHG12A58A7DF46,ARS8GNX1187B9B5141,The Black Keys,Hard Row,blues,Lauryn Hill - Interlude 5,Twista - I'm A Winner (Amended Album Version),Michael Jackson - Man In The Mirror,Lauryn Hill - Interlude 5,Twista - I'm A Winner (Amended Album Version),Michael Jackson - Man In The Mirror,Dance Hall Crashers - Othello,Eyes Set to Kill - All You Ever Knew,The Acacia Strain - Skynet,Dance Hall Crashers - Othello,Eyes Set to Kill - All You Ever Knew,The Acacia Strain - Skynet
TRWZXDS128F427A71B,SOAJJDS12A8C13A3FB,ARS8GNX1187B9B5141,The Black Keys,I Got Mine,blues,Mario Vazquez - Everytime I...,Eminem - 8 Mile,Erykah Badu - I Want You,Mario Vazquez - Everytime I...,Erykah Badu - I Want You,Eminem - 8 Mile,Gary Moore - Ain't Nobody,Veronica Maggio - I staden växer inga blommor,Judy Garland - I Got Rhythm,Gary Moore - Ain't Nobody,Veronica Maggio - I staden växer inga blommor,Judy Garland - I Got Rhythm
TRZDLWE12903CB44DE,SOURIRH12A58A7B408,ARS8GNX1187B9B5141,The Black Keys,If You See Me,blues,Twista - I'm A Winner (Amended Album Version),Lauryn Hill - Interlude 5,Erykah Badu - I Want You,Twista - I'm A Winner (Amended Album Version),Lauryn Hill - Interlude 5,Erykah Badu - I Want You,Ann Lee - Smooth & Sweet,Hafdis Huld - Plastic Halo,Ginuwine - Only When ur Lonely,Ann Lee - Smooth & Sweet,Hafdis Huld - Plastic Halo,Ginuwine - Only When ur Lonely
TRNZQVO128F427A71E,SOIQUSV12A8C13A402,ARS8GNX1187B9B5141,The Black Keys,Lies,blues,Lauryn Hill - Interlude 5,Beastie Boys - B-Boy Bouillabaisse: A.W.O.L. (2009 Digital Remaster),Twista - I'm A Winner (Amended Album Version),Lauryn Hill - Interlude 5,Twista - I'm A Winner (Amended Album Version),Beastie Boys - B-Boy Bouillabaisse: A.W.O.L. (2009 Digital Remaster),Pop Will Eat Itself - I've Always Been A Coward Baby,Das Ich - Lügen Und Das Ich,Linda Ronstadt - Lies  (LP Version),Pop Will Eat Itself - I've Always Been A Coward Baby,Das Ich - Lügen Und Das Ich,Linda Ronstadt - Lies  (LP Version)
TRAECHJ12903CC36DA,SOCQQSU12AB0185BF4,ARS8GNX1187B9B5141,The Black Keys,Next Girl,blues,Beastie Boys - B-Boy Bouillabaisse: A.W.O.L. (2009 Digital Remaster),Calvin Harris - The Girls,Eminem - 8 Mile,Beastie Boys - B-Boy Bouillabaisse: A.W.O.L. (2009 Digital Remaster),Calvin Harris - The Girls,Eminem - 8 Mile,Jesse Johnson - I Want My Girl,OTT - Be My Girl,The Jeff Healey Band - My Little Girl,Jesse Johnson - I Want My Girl,OTT - Be My Girl,The Jeff Healey Band - My Little Girl
TRRVSIN128F9338FD5,SOSICNK12AB01876BB,ARS8GNX1187B9B5141,The Black Keys,No Fun,blues,Enrique Iglesias - Miss You,Tracey Ullman - Breakaway,Janis Joplin - Kozmic Blues,Enrique Iglesias - Miss You,Tracey Ullman - Breakaway,Janis Joplin - Kozmic Blues,The Stooges - No Fun (Remasterd LP Version),Yerba Buena - No No No,Mecano - La Estación,The Stooges - No Fun (Remasterd LP Version),Yerba Buena - No No No,Mecano - La Estación
TRYMMVG128F9340B1B,SOHKBXW12AB0185660,ARS8GNX1187B9B5141,The Black Keys,Stack Shot Billy,blues,Lauryn Hill - Interlude 5,Beastie Boys - B-Boy Bouillabaisse: A.W.O.L. (2009 Digital Remaster),The Pharcyde - Otha Fish,Lauryn Hill - Interlude 5,The Pharcyde - Otha Fish,Beastie Boys - B-Boy Bouillabaisse: A.W.O.L. (2009 Digital Remaster),George Jones - Who Shot Sam,Thursday - Unintended Long Term Effects,John Hiatt - Trudy And Dave,George Jones - Who Shot Sam,Thursday - Unintended Long Term Effects,John Hiatt - Trudy And Dave
TRKSEEY12903CCD312,SOTEPSZ12AB018C99D,ARS8GNX1187B9B5141,The Black Keys,Ten Cent Pistol,blues,The Corrs - Queen Of Hollywood ( LP Version ),Twiztid - She Ain't Afraid,Lauryn Hill - Interlude 5,The Corrs - Queen Of Hollywood ( LP Version ),Twiztid - She Ain't Afraid,Beastie Boys - B-Boy Bouillabaisse: A.W.O.L. (2009 Digital Remaster),The Boomtown Rats - Diamond Smiles,The Corrs - Queen Of Hollywood ( LP Version ),Tracy Byrd - Right About Now,The Boomtown Rats - Diamond Smiles,The Corrs - Queen Of Hollywood ( LP Version ),Tracy Byrd - Right About Now
TRFOGQC12903CA9D2E,SOTDIMP12AB01821E8,ARS8GNX1187B9B5141,The Black Keys,The Flame,blues,Lauryn Hill - Interlude 5,Twista - I'm A Winner (Amended Album Version),Eminem - My Darling,Lauryn Hill - Interlude 5,Twista - I'm A Winner (Amended Album Version),Danity Kane - Hold Me Down (Album Version),Midtown - Knew It All Along (Acoustic),Digital Underground - Sex Packets (LP Version),Lauryn Hill - Interlude 5,Digital Underground - Sex Packets (LP Version),Lauryn Hill - Interlude 5,Midtown - Knew It All Along (Acoustic)
TREVCQU12903CCD318,SOGECRB12AB018C9AB,ARS8GNX1187B9B5141,The Black Keys,These Days,blues,Lauryn Hill - Interlude 5,Beastie Boys - B-Boy Bouillabaisse: A.W.O.L. (2009 Digital Remaster),Erykah Badu - I Want You,Lauryn Hill - Interlude 5,Beastie Boys - B-Boy Bouillabaisse: A.W.O.L. (2009 Digital Remaster),Erykah Badu - I Want You,Gregg Allman - These Days,Hot Water Music - The Sense,Rhymefest - These Days,Gregg Allman - These Days,Hot Water Music - The Sense,Rhymefest - These Days
TRFLJNE12903CB44F1,SOBJBEU12AF729D526,ARS8GNX1187B9B5141,The Black Keys,When The Lights Go Out,blues,Lauryn Hill - Interlude 5,Twista - I'm A Winner (Amended Album Version),Erykah Badu - I Want You,Lauryn Hill - Interlude 5,Twista - I'm A Winner (Amended Album Version),Erykah Badu - I Want You,Donnie - Do You Know?,Shannon McNally - Down And Dirty,Bon Jovi - Superman Tonight,Shannon McNally - Down And Dirty,Donnie - Do You Know?,Bon Jovi - Superman Tonight
TRQNNKX12903CB44CA,SOCULJG12A8AE4714D,ARS8GNX1187B9B5141,The Black Keys,Have Love Will Travel,blues,Erykah Badu - I Want You,Lauryn Hill - Interlude 5,Twista - I'm A Winner (Amended Album Version),Erykah Badu - I Want You,Lauryn Hill - Interlude 5,Twista - I'm A Winner (Amended Album Version),Lisa Stansfield - Somewhere In Time,Burden Of A Day - My Forfeit,Bronski Beat - I Feel Love,Lisa Stansfield - Somewhere In Time,Burden Of A Day - My Forfeit,Rufus Wainwright - Baby
TRKNKGC128F42A746A,SOUZEJD12D021B5336,AR20CFC1187B98A25D,Ray Charles,C.C. Rider,blues,Lauryn Hill - Interlude 5,Twista - I'm A Winner (Amended Album Version),Eminem - My Darling,Lauryn Hill - Interlude 5,Twista - I'm A Winner (Amended Album Version),Erykah Badu - I Want You,Harry Belafonte - Angelina,Jeff Timmons - Can't You See,Shannon McNally - Down And Dirty,Harry Belafonte - Angelina,Jeff Timmons - Can't You See,Shannon McNally - Down And Dirty
TRWEHQE128F935A2D6,SOKQSDH12AB0188B1A,AR20CFC1187B98A25D,Ray Charles,I Got a Woman,blues,Beastie Boys - B-Boy Bouillabaisse: A.W.O.L. (2009 Digital Remaster),Lauryn Hill - Interlude 5,Twiztid - She Ain't Afraid,Beastie Boys - B-Boy Bouillabaisse: A.W.O.L. (2009 Digital Remaster),Twiztid - She Ain't Afraid,Eminem - 8 Mile,The Pharcyde - Passin' Me By,Josh Turner - Haywire,Gentleman - Empress,The Pharcyde - Passin' Me By,Gentleman - Empress,Josh Turner - Haywire
TRPMJOK128F92F317A,SOQWJXH12AAF3B5B0F,AR20CFC1187B98A25D,Ray Charles,The Sun's Gonna Shine Again,blues,Lauryn Hill - Interlude 5,Beastie Boys - B-Boy Bouillabaisse: A.W.O.L. (2009 Digital Remaster),Twista - I'm A Winner (Amended Album Version),Lauryn Hill - Interlude 5,Twista - I'm A Winner (Amended Album Version),Erykah Badu - I Want You,Skip James - Devil Got My Woman,Robben Ford - The Way You Treated Me (You're Gonna Be Sorry),Lauryn Hill - Interlude 1,Skip James - Devil Got My Woman,Robben Ford - The Way You Treated Me (You're Gonna Be Sorry),Lauryn Hill - Interlude 1
TRGXECP12903CDDC43,SOCLEEQ12D021B23E0,AR20CFC1187B98A25D,Ray Charles,Losing Hand,blues,Lauryn Hill - Interlude 5,Twista - I'm A Winner (Amended Album Version),Erykah Badu - I Want You,Lauryn Hill - Interlude 5,Twista - I'm A Winner (Amended Album Version),Erykah Badu - I Want You,Wild Strawberries - Heroine,LL Cool J - Lollipop,Rufus Wainwright - Baby,LL Cool J - Lollipop,Wild Strawberries - Heroine,Rufus Wainwright - Baby
TREQYGT128E07859FA,SOZOJBP12A6701E425,ARV9LSS1187B98C471,Blake Shelton,Nobody But Me (Album Version),blues,Lauryn Hill - Interlude 5,Twista - I'm A Winner (Amended Album Version),Erykah Badu - I Want You,Lauryn Hill - Interlude 5,Erykah Badu - I Want You,Twista - I'm A Winner (Amended Album Version),Webb Pierce - I Ain't Never,En Vogue - Love Don't Love You (LP Version),Ray Charles - Let's Go,Webb Pierce - I Ain't Never,En Vogue - Love Don't Love You (LP Version),Ray Charles - Let's Go
TROFEVE12903CD8AAA,SONQLUB12D02199FCD,AR66H0N1187B9AE91E,Etta James,A Sunday Kind of Love,blues,Lauryn Hill - Interlude 5,Beastie Boys - B-Boy Bouillabaisse: A.W.O.L. (2009 Digital Remaster),Eminem - 8 Mile,Lauryn Hill - Interlude 5,Beastie Boys - B-Boy Bouillabaisse: A.W.O.L. (2009 Digital Remaster),Eminem - 8 Mile,Astrud Gilberto - And Roses And Roses,Melissa Etheridge - Fearless Love,W.A.S.P. - Fistful Of Diamonds,Astrud Gilberto - And Roses And Roses,Melissa Etheridge - Fearless Love,W.A.S.P. - Fistful Of Diamonds
TRCFPJF128F428A872,SOKCCML12D021B0FC6,AR66H0N1187B9AE91E,Etta James,I Just Want To Make Love To You,blues,Lauryn Hill - Interlude 5,Twista - I'm A Winner (Amended Album Version),Erykah Badu - I Want You,Lauryn Hill - Interlude 5,Twista - I'm A Winner (Amended Album Version),Erykah Badu - I Want You,Willie Dixon - I Just Want To Make Love To You,Jesse Johnson - Love Struck,Jon Secada - Want You_ Miss You_ Love You,Willie Dixon - I Just Want To Make Love To You,Jesse Johnson - Love Struck,Jon Secada - Want You_ Miss You_ Love You
TRBFTHL128C7196B42,SODJRCC12D02192374,AR66H0N1187B9AE91E,Etta James,My Dearest Darling,blues,Lauryn Hill - Interlude 5,Twista - I'm A Winner (Amended Album Version),Eminem - My Darling,Twista - I'm A Winner (Amended Album Version),Eminem - My Darling,Lauryn Hill - Interlude 5,Kenny Rogers - Endless love,Angie Stone - Snowflakes,Mint Condition - Breakin' My Heart (Pretty Brown Eyes),Kenny Rogers - Endless love,Angie Stone - Snowflakes,Mint Condition - Breakin' My Heart (Pretty Brown Eyes)
TRFEGGQ128E07898AA,SOMPSXS12D021B12D7,AR66H0N1187B9AE91E,Etta James,W.O.M.A.N.,blues,Lauryn Hill - Interlude 5,Electrelane - Cut And Run,Twista - I'm A Winner (Amended Album Version),Lauryn Hill - Interlude 5,Electrelane - Cut And Run,Twista - I'm A Winner (Amended Album Version),Pretty Maids - Perfect Stranger,The Darkness - Givin' Up (Clean Version),Little Anthony & The Imperials - Shimmy_ Shimmy_ Ko-Ko-Bop (Single Version),Pretty Maids - Perfect Stranger,The Darkness - Givin' Up (Clean Version),Little Anthony & The Imperials - Shimmy_ Shimmy_ Ko-Ko-Bop (Single Version)
TRDDDDX128E0793212,SOIOOIR12A58A7EBB8,ARLAUED1187B9ACEAF,Eric Clapton,Alberta,blues,Lauryn Hill - Interlude 5,Twista - I'm A Winner (Amended Album Version),Eminem - My Darling,Lauryn Hill - Interlude 5,Twista - I'm A Winner (Amended Album Version),Eminem - My Darling,Bay City Rollers - Lovely To See You,Shannon McNally - Down And Dirty,Jennifer Lopez - Theme From Mahagony (Do You Know Where You're Going To),Bay City Rollers - Lovely To See You,Shannon McNally - Down And Dirty,Jennifer Lopez - Theme From Mahagony (Do You Know Where You're Going To)
TRWBAGY128F93034BF,SOXIVQT12AB0181061,ARLAUED1187B9ACEAF,Eric Clapton,Before You Accuse Me (Take A Look At Yourself),blues,Lauryn Hill - Interlude 5,Eminem - My Darling,Beastie Boys - B-Boy Bouillabaisse: A.W.O.L. (2009 Digital Remaster),Lauryn Hill - Interlude 5,Eminem - My Darling,Twista - I'm A Winner (Amended Album Version),Bo Diddley - Before You Accuse Me,Fat Joe - Preacher On A Sunday Morning,Joss Stone - You Had Me (Live),Bo Diddley - Before You Accuse Me,Fat Joe - Preacher On A Sunday Morning,Joss Stone - You Had Me (Live)
TRLWIBC128E0792E2C,SORMUAO12A6D4F9262,ARLAUED1187B9ACEAF,Eric Clapton,Early In The Morning,blues,Lauryn Hill - Interlude 5,Beastie Boys - B-Boy Bouillabaisse: A.W.O.L. (2009 Digital Remaster),Danity Kane - Hold Me Down (Album Version),Lauryn Hill - Interlude 5,Beastie Boys - B-Boy Bouillabaisse: A.W.O.L. (2009 Digital Remaster),Danity Kane - Hold Me Down (Album Version),Seventh Day Slumber - Broken Buildings,Gil Scott-Heron - Me And The Devil,Opeth - The Moor,Gil Scott-Heron - Me And The Devil,Seventh Day Slumber - Broken Buildings,Opeth - The Moor
TRAZQIG128F146372E,SOFZYKR12A6D4F72A5,ARLAUED1187B9ACEAF,Eric Clapton,Floating Bridge,blues,Lauryn Hill - Interlude 5,Beastie Boys - B-Boy Bouillabaisse: A.W.O.L. (2009 Digital Remaster),Eminem - 8 Mile,Lauryn Hill - Interlude 5,Beastie Boys - B-Boy Bouillabaisse: A.W.O.L. (2009 Digital Remaster),Eminem - 8 Mile,Lupe Fiasco - Hurt Me Soul (Explicit Album Version),Jackie Greene - About Cell Block #9,Onyx - Feel Me,Lupe Fiasco - Hurt Me Soul (Explicit Album Version),Onyx - Feel Me,Jackie Greene - About Cell Block #9
TRQUJCP128F4238206,SOICNJH12A81C22263,ARLAUED1187B9ACEAF,Eric Clapton,Kind Hearted Woman Blues (Album Version),blues,Lauryn Hill - Interlude 5,Beastie Boys - B-Boy Bouillabaisse: A.W.O.L. (2009 Digital Remaster),Twista - I'm A Winner (Amended Album Version),Lauryn Hill - Interlude 5,Beastie Boys - B-Boy Bouillabaisse: A.W.O.L. (2009 Digital Remaster),Erykah Badu - I Want You,Robert Johnson - Kindhearted Woman Blues,Jonny Lang - Breakin Me,The Mick Fleetwood Blues Band - Black Magic Woman,Robert Johnson - Kindhearted Woman Blues,Jonny Lang - Breakin Me,Anastacia - Club Megamix
TRIDJMD128E078B984,SOWGAGY12A6701F305,ARN0YZ71187B9BA57B,Michael Bublé,That's All (Album Version),classical,Lauryn Hill - Interlude 5,Twista - I'm A Winner (Amended Album Version),Michael Jackson - Man In The Mirror,Lauryn Hill - Interlude 5,Twista - I'm A Winner (Amended Album Version),Michael Jackson - Man In The Mirror,Hindi Zahra - Fascination (Album Version),Mayday Parade - One Man Drinking Games,KC And The Sunshine Band - All My Love,Hindi Zahra - Fascination (Album Version),Mayday Parade - One Man Drinking Games,KC And The Sunshine Band - All My Love
TRYRCXF128F424183D,SOWXYFO12A8AE46AD3,ARGVJPK1187B9909EA,Josh Groban,America (Revised Live Version),classical,Lauryn Hill - Interlude 5,Beastie Boys - B-Boy Bouillabaisse: A.W.O.L. (2009 Digital Remaster),Eminem - 8 Mile,Lauryn Hill - Interlude 5,Beastie Boys - B-Boy Bouillabaisse: A.W.O.L. (2009 Digital Remaster),Eminem - 8 Mile,Simon & Garfunkel - America,Brand Nubian - All For One (Explicit) (2006 Remastered LP Version),The Streets - The Irony Of It All (Album Version),Simon & Garfunkel - America,Brand Nubian - All For One (Explicit) (2006 Remastered LP Version),The Streets - The Irony Of It All (Album Version)
TRDQLTF128E0787809,SODUTDM12A67020476,ARGVJPK1187B9909EA,Josh Groban,Broken Vow (Album Version),classical,Lauryn Hill - Interlude 5,Twista - I'm A Winner (Amended Album Version),Erykah Badu - I Want You,Lauryn Hill - Interlude 5,Twista - I'm A Winner (Amended Album Version),Erykah Badu - I Want You,G4 - Broken Vow,Alexandra Burke - Overcome,Mario Vazquez - Everytime I...,G4 - Broken Vow,Alexandra Burke - Overcome,Il Divo - Mama
TRUAAEQ128F423C52D,SOGDUMI12A8AE45417,ARGVJPK1187B9909EA,Josh Groban,Gira Con Me Questa Notte (Album Version),classical,Abba - Move On,Horace Andy - Horse With No Name,Gemelli Diversi - Istruzioni Per L'(Ill)uso,Abba - Move On,Horace Andy - Horse With No Name,Gemelli Diversi - Istruzioni Per L'(Ill)uso,Gemelli Diversi - Istruzioni Per L'(Ill)uso,Vittorio Grigolo - Roma Sogna,Paolo Conte - Nord,Gemelli Diversi - Istruzioni Per L'(Ill)uso,Vittorio Grigolo - Roma Sogna,Paolo Conte - Nord
TRYGDNA128E078780C,SOWLNSE12A67020479,ARGVJPK1187B9909EA,Josh Groban,Hymne A L'Amour (Album Version),classical,Tryo - Yakamonéyé,Fonky Family - L'Amour Du Risque,Sniper - Panam All Star,Tryo - Yakamonéyé,Fonky Family - L'Amour Du Risque,Sniper - Panam All Star,Amandine Bourgeois - L'Homme De La Situation,Zazie - Tomber Le Masque,Lokua Kanza - A Tes Côtés,Amandine Bourgeois - L'Homme De La Situation,Zazie - Tomber Le Masque,Lokua Kanza - A Tes Côtés
TRDFTPP128F427550C,SOWOPHG12A8C13DB44,ARGVJPK1187B9909EA,Josh Groban,It Came Upon A Midnight Clear (Album Version),classical,The Streets - Weak Become Heroes,Travis - Sing,Jenny Lewis - Sing A Song,The Streets - Weak Become Heroes,Travis - Sing,Jenny Lewis - Sing A Song,Travis - Sing,Barry Manilow - Sing It,Cinderella Effect - Israel,Travis - Sing,Barry Manilow - Sing It,Cinderella Effect - Israel
TRRBWRX128F423C535,SOBFGZA12A8AE4542A,ARGVJPK1187B9909EA,Josh Groban,Let Me Fall (From Cirque du Soleil) (Album Version),classical,Lauryn Hill - Interlude 5,Eminem - 8 Mile,Beastie Boys - B-Boy Bouillabaisse: A.W.O.L. (2009 Digital Remaster),Eminem - 8 Mile,Mario Vazquez - Everytime I...,Beastie Boys - B-Boy Bouillabaisse: A.W.O.L. (2009 Digital Remaster),JET - Let Me Out,Robbie Williams - Come Take Me Over,Charley Pride - Let The Chips Fall,JET - Let Me Out,Robbie Williams - Come Take Me Over,Charley Pride - Let The Chips Fall
TRJSTLV128F4241832,SOHCDYF12A58A7C604,ARGVJPK1187B9909EA,Josh Groban,Mi Mancherai (Il Postino) (Revised Live Version),classical,Shaggy - Luv Me Up,Fabrizio De Andrè - Sinan Capudan Pascià,Jowell & Randy - Te Ando Buscando,Shaggy - Luv Me Up,Fabrizio De Andrè - Sinan Capudan Pascià,Jowell & Randy - Te Ando Buscando,Il Divo - Adagio,Il Divo - Musica,Vinicio Capossela - Il Pugile Sentimentale ( Live ),Il Divo - Adagio,Il Divo - Musica,Vinicio Capossela - Il Pugile Sentimentale ( Live )
TRBRHPE128E0787803,SOJCMKN12A67020471,ARGVJPK1187B9909EA,Josh Groban,My Confession (Album Version),classical,Beastie Boys - B-Boy Bouillabaisse: A.W.O.L. (2009 Digital Remaster),Eminem - 8 Mile,Lauryn Hill - Interlude 5,Beastie Boys - B-Boy Bouillabaisse: A.W.O.L. (2009 Digital Remaster),Mario Vazquez - Everytime I...,Eminem - 8 Mile,The Distillers - I Understand,Common - Book Of Life,Ben Folds Five - Don't Change Your Plans,The Distillers - I Understand,Common - Book Of Life,Ben Folds Five - Don't Change Your Plans
TRLJSTZ128F4241831,SOTEXNI12A8AE46AAE,ARGVJPK1187B9909EA,Josh Groban,Oceano (Revised Live Version),classical,Flaminio Maphia - Quelli Che,Fabrizio De Andrè - Sinan Capudan Pascià,Gemelli Diversi - Istruzioni Per L'(Ill)uso,Flaminio Maphia - Quelli Che,Fabrizio De Andrè - Sinan Capudan Pascià,Gemelli Diversi - Istruzioni Per L'(Ill)uso,Bluvertigo - Niente Per Scontato,Paul Potts - Mamma,Paul Potts - Bellamore,Bluvertigo - Niente Per Scontato,Paul Potts - Mamma,Paul Potts - Bellamore
TRGURIJ128E078780B,SORUSFO12A67020478,ARGVJPK1187B9909EA,Josh Groban,Remember When It Rained (Album Version),classical,Lauryn Hill - Interlude 5,Michael Jackson - Man In The Mirror,Beastie Boys - B-Boy Bouillabaisse: A.W.O.L. (2009 Digital Remaster),Lauryn Hill - Interlude 5,Michael Jackson - Man In The Mirror,Beastie Boys - B-Boy Bouillabaisse: A.W.O.L. (2009 Digital Remaster),Josh Groban - Remember When It Rained (Revised Live Version),Copeland - The Day I Lost My Voice (The Suitcase Song),Steely Dan - I Can't Function,Josh Groban - Remember When It Rained (Revised Live Version),Copeland - The Day I Lost My Voice (The Suitcase Song),Steely Dan - I Can't Function
TRYKKOX128F4241839,SOEIAOV12A8AE46AC4,ARGVJPK1187B9909EA,Josh Groban,Remember When It Rained (Revised Live Version),classical,Lauryn Hill - Interlude 5,Michael Jackson - Man In The Mirror,Beastie Boys - B-Boy Bouillabaisse: A.W.O.L. (2009 Digital Remaster),Lauryn Hill - Interlude 5,Michael Jackson - Man In The Mirror,Beastie Boys - B-Boy Bouillabaisse: A.W.O.L. (2009 Digital Remaster),Josh Groban - Remember When It Rained (Album Version),Copeland - The Day I Lost My Voice (The Suitcase Song),Steely Dan - I Can't Function,Josh Groban - Remember When It Rained (Album Version),Copeland - The Day I Lost My Voice (The Suitcase Song),Steely Dan - I Can't Function
TRUVBEG128F92F0B48,SORJUAX12AB017CB28,ARGVJPK1187B9909EA,Josh Groban,Smile,classical,Lauryn Hill - Interlude 5,Twista - I'm A Winner (Amended Album Version),Michael Jackson - Man In The Mirror,Lauryn Hill - Interlude 5,Twista - I'm A Winner (Amended Album Version),Pain of Salvation - Spitfall,a1 - Learn To Fly,Pain of Salvation - Spitfall,B.B. King - Jack_ You're Dead!,a1 - Learn To Fly,Pain of Salvation - Spitfall,B.B. King - Jack_ You're Dead!
TRJBNZG128EF35A1AA,SOMYGPN12A6D4F7E28,ARGVJPK1187B9909EA,Josh Groban,Solo Por Ti (Album Version),classical,Abba - Move On,Horace Andy - Horse With No Name,Violadores del Verso - Dale tiempo al rumor,Abba - Move On,Horace Andy - Horse With No Name,Violadores del Verso - Dale tiempo al rumor,Fey - Solo Por Bailar,Sebastien Tellier - League Chicanos,Buena Vista Social Club - De Camino a la Vereda,Fey - Solo Por Bailar,Sebastien Tellier - League Chicanos,Buena Vista Social Club - De Camino a la Vereda
TRPJAPP128EF35A1AC,SOAGVMD12A6D4F7E2A,ARGVJPK1187B9909EA,Josh Groban,Un Giorno Per Noi (Album Version),classical,The Pharcyde - Otha Fish,Abba - Move On,Fabrizio De Andrè - Sinan Capudan Pascià,Fabrizio De Andrè - Sinan Capudan Pascià,Abba - Move On,The Pharcyde - Otha Fish,Sergio Cammariere - Oggi,Frankie HI-NRG MC - Sana E Robusta,Andrea Bocelli - L'Attesa,Sergio Cammariere - Oggi,Frankie HI-NRG MC - Sana E Robusta,Andrea Bocelli - L'Attesa
TRUDTXB128F423C537,SOGQZMP12A8AE4542F,ARGVJPK1187B9909EA,Josh Groban,Vincent (Starry_ Starry Night) (Album Version),classical,Lauryn Hill - Interlude 5,Beastie Boys - B-Boy Bouillabaisse: A.W.O.L. (2009 Digital Remaster),Eminem - My Darling,Lauryn Hill - Interlude 5,Beastie Boys - B-Boy Bouillabaisse: A.W.O.L. (2009 Digital Remaster),Eminem - My Darling,Damien Dempsey - Colony,HELLYEAH - Nausea,Lauryn Hill - Interlude 5,Damien Dempsey - Colony,Lauryn Hill - Interlude 5,HELLYEAH - Nausea
TRMVVDP128E0787806,SOTQRPK12A67020473,ARGVJPK1187B9909EA,Josh Groban,When You Say You Love Me (Album Version),classical,Lauryn Hill - Interlude 5,Twista - I'm A Winner (Amended Album Version),Erykah Badu - I Want You,Lauryn Hill - Interlude 5,Twista - I'm A Winner (Amended Album Version),Erykah Badu - I Want You,Lyle Lovett - North Dakota,Liz Phair - Go On Ahead,Monica - Hurts The Most,Lyle Lovett - North Dakota,Liz Phair - Go On Ahead,Monica - Hurts The Most
TRIEQWR128E078780D,SOULFRO12A6702047A,ARGVJPK1187B9909EA,Josh Groban,You Raise Me Up (Album Version),classical,Lauryn Hill - Interlude 5,Twista - I'm A Winner (Amended Album Version),Beastie Boys - B-Boy Bouillabaisse: A.W.O.L. (2009 Digital Remaster),Twista - I'm A Winner (Amended Album Version),Lauryn Hill - Interlude 5,Beastie Boys - B-Boy Bouillabaisse: A.W.O.L. (2009 Digital Remaster),Russell Watson - You Raise Me Up,David Crowder*Band - All Around Me,All Time Low - Therapy,Russell Watson - You Raise Me Up,David Crowder*Band - All Around Me,All Time Low - Therapy
TRBEYYM128F1493C56,SOKMZQL12A58A76B19,ARGVJPK1187B9909EA,Josh Groban,Believe (Album Version),classical,Lauryn Hill - Interlude 5,Twista - I'm A Winner (Amended Album Version),Michael Jackson - Man In The Mirror,Lauryn Hill - Interlude 5,Twista - I'm A Winner (Amended Album Version),MIMS - Move (If You Wanna),Beverley Craven - Phoenix From The Fire,Cilla Black - Alfie,Pain of Salvation - Spitfall,Beverley Craven - Phoenix From The Fire,Cilla Black - Alfie,Pain of Salvation - Spitfall
TRPITXR128F427FA1B,SOEEMLZ12A8C136C5C,ARH861H1187B9B799E,Johnny Cash,Away In A Manger,classical,Lauryn Hill - Interlude 5,Beastie Boys - B-Boy Bouillabaisse: A.W.O.L. (2009 Digital Remaster),Eminem - 8 Mile,Lauryn Hill - Interlude 5,Beastie Boys - B-Boy Bouillabaisse: A.W.O.L. (2009 Digital Remaster),Eminem - 8 Mile,Kenny G - Away In A Manger,Johnny Cash - Daddy Sang Bass,Current 93 - Raio No Terrasu (Jesus Wept),Kenny G - Away In A Manger,Johnny Cash - Daddy Sang Bass,Fiddler's Green - Matty Groves
TRGFMUJ128F423C52F,SOKABLD12D021991AC,ARGVJPK1187B9909EA,Josh Groban,Cinema Paradiso (Se) (Album Version),classical,Gemelli Diversi - Istruzioni Per L'(Ill)uso,Flaminio Maphia - Quelli Che,Fabrizio De Andrè - Sinan Capudan Pascià,Gemelli Diversi - Istruzioni Per L'(Ill)uso,Flaminio Maphia - Quelli Che,Fabrizio De Andrè - Sinan Capudan Pascià,Il Divo - La Promesa,Vittorio Grigolo - Se Tu Non Sei Lei,Sergio Cammariere - Oggi,Il Divo - La Promesa,Vittorio Grigolo - Se Tu Non Sei Lei,Sergio Cammariere - Oggi
TRGVTSO12903CABC19,SOPPSEF12AB018ADD4,ARFM3UU1187B994C88,David Crowder*Band,All Around Me,classical,Lauryn Hill - Interlude 5,Twista - I'm A Winner (Amended Album Version),Beastie Boys - B-Boy Bouillabaisse: A.W.O.L. (2009 Digital Remaster),Lauryn Hill - Interlude 5,Twista - I'm A Winner (Amended Album Version),Erykah Badu - I Want You,Godsmack - Asleep,Room Eleven - Bitch,The Acacia Strain - Kraken,Godsmack - Asleep,Room Eleven - Bitch,The Acacia Strain - Kraken
TRJGMSL128F4230A6C,SOWYWPP12A81C20850,ARPBTRI1187FB52457,The Game,Black Opera,classical,Lauryn Hill - Interlude 5,Twista - I'm A Winner (Amended Album Version),Erykah Badu - I Want You,Twista - I'm A Winner (Amended Album Version),Lauryn Hill - Interlude 5,Erykah Badu - I Want You,Clawfinger - Revenge,Wu-Tang Clan - Brooklyn Zoo,Level 42 - To Be With You Again,Clawfinger - Revenge,Wu-Tang Clan - Brooklyn Zoo,Level 42 - To Be With You Again
TRBGUUE128F1494FB6,SOGDJWU12A58A7DA10,ARJA1841187FB3A029,David Bowie,Baal's Hymn,classical,Lauryn Hill - Interlude 5,Beastie Boys - B-Boy Bouillabaisse: A.W.O.L. (2009 Digital Remaster),Vanilla Ice - Ice Is Workin' It,Lauryn Hill - Interlude 5,Beastie Boys - B-Boy Bouillabaisse: A.W.O.L. (2009 Digital Remaster),Vanilla Ice - Ice Is Workin' It,King Geedorah - The Fine Print,MC Paul Barman - Anarchist Bookstore part 1,Sopor Aeternus & The Ensemble Of Shadows - Architecture II,King Geedorah - The Fine Print,MC Paul Barman - Anarchist Bookstore part 1,Sopor Aeternus & The Ensemble Of Shadows - Architecture II
TREPYPE128F92EB38C,SOBAQGA12AB017C9F2,ARNJ9LU1187B9A56A6,Il Divo,Adagio,classical,Gemelli Diversi - Istruzioni Per L'(Ill)uso,Flaminio Maphia - Quelli Che,Fabrizio De Andrè - Sinan Capudan Pascià,Gemelli Diversi - Istruzioni Per L'(Ill)uso,Flaminio Maphia - Quelli Che,Fabrizio De Andrè - Sinan Capudan Pascià,Il Divo - Musica,Amici Forever - Adagio,Paul Potts - Mamma,Il Divo - Musica,Amici Forever - Adagio,Paul Potts - Mamma
TRGZRPJ128F92EF7E2,SOJBCHJ12A8C140942,ARNJ9LU1187B9A56A6,Il Divo,Adeste Fideles,classical,Vanilla Ice - It's A Party,Black Eyed Peas - Tell Your Momma Come,João Gilberto - Aguas De Marco,Vanilla Ice - It's A Party,Black Eyed Peas - Tell Your Momma Come,João Gilberto - Aguas De Marco,Markus Krunegård - Maria & Jag,Rory Gallagher - Out On The Western Plain,Siouxsie And The Banshees - Belladonna,Markus Krunegård - Maria & Jag,Rory Gallagher - Out On The Western Plain,Siouxsie And The Banshees - Belladonna
TRGXTYR128F42ACF5F,SOJILSK12A8C13F427,ARNJ9LU1187B9A56A6,Il Divo,All By Myself (Solo Otra Vez),classical,Los Van Van - El Negro Está Cocinando,Willie Colon - Gitana,Horace Andy - Horse With No Name,Los Van Van - El Negro Está Cocinando,Willie Colon - Gitana,Horace Andy - Horse With No Name,Il Divo - La Vida Sin Amor,Cristian Castro - Mi Vida Sin Tu Amor,Rey Ruiz - Mienteme Otra Véz,Il Divo - La Vida Sin Amor,Cristian Castro - Mi Vida Sin Tu Amor,Rey Ruiz - Mienteme Otra Véz
TRVXXVG128F933AB88,SOHGPTR12AB01874F5,ARNJ9LU1187B9A56A6,Il Divo,Amazing Grace,classical,Lauryn Hill - Interlude 5,Beastie Boys - B-Boy Bouillabaisse: A.W.O.L. (2009 Digital Remaster),Nelly - Splurge,Lauryn Hill - Interlude 5,Beastie Boys - B-Boy Bouillabaisse: A.W.O.L. (2009 Digital Remaster),Nelly - Splurge,Hayley Westenra - Amazing Grace,RKL - Heavily Sedated,Robben Ford & The Blue Line - Rugged Road,Hayley Westenra - Amazing Grace,RKL - Heavily Sedated,Robben Ford & The Blue Line - Rugged Road
TRLFGML128F92EB391,SOMZKFD12AB017CA0C,ARNJ9LU1187B9A56A6,Il Divo,Angelina,classical,Violadores del Verso - Dale tiempo al rumor,Violadores del Verso - Cantando,Los Van Van - El Negro Está Cocinando,Violadores del Verso - Dale tiempo al rumor,Violadores del Verso - Cantando,Los Van Van - El Negro Está Cocinando,Héroes del Silencio - El Camino Del Exceso,El sueño de Morfeo - Sonrisa especial,Nach Scratch - Abre tu puerta (y cruza el universo),Héroes del Silencio - El Camino Del Exceso,El sueño de Morfeo - Sonrisa especial,Nach Scratch - Abre tu puerta (y cruza el universo)
TRVFSWI128F42ACE94,SOJZKPG12A8C13F9E0,ARNJ9LU1187B9A56A6,Il Divo,Ave Maria,classical,Abba - Move On,Horace Andy - Horse With No Name,Gemelli Diversi - Istruzioni Per L'(Ill)uso,Abba - Move On,Horace Andy - Horse With No Name,Gemelli Diversi - Istruzioni Per L'(Ill)uso,Vittorio Grigolo - Roma Sogna,Il Divo - La Promesa,Frankie HI-NRG MC - Fili,Vittorio Grigolo - Roma Sogna,Il Divo - La Promesa,Frankie HI-NRG MC - Fili
TRMKTUF128F42BC140,SOLHDOP12A8C13FB24,ARNJ9LU1187B9A56A6,Il Divo,Caruso,classical,Gemelli Diversi - Istruzioni Per L'(Ill)uso,Fabrizio De Andrè - Sinan Capudan Pascià,Abba - Move On,Gemelli Diversi - Istruzioni Per L'(Ill)uso,Fabrizio De Andrè - Sinan Capudan Pascià,Abba - Move On,Lara Fabian - Caruso,Gemelli Diversi - Istruzioni Per L'(Ill)uso,Sergio Cammariere - La Canzone Dell' Impossibile,Lara Fabian - Caruso,Gemelli Diversi - Istruzioni Per L'(Ill)uso,Sergio Cammariere - La Canzone Dell' Impossibile
TRXNYOZ128F42BC146,SOBTJJR12A8C13FB29,ARNJ9LU1187B9A56A6,Il Divo,Come Primavera,classical,Abba - Move On,Horace Andy - Horse With No Name,Desmond Dekker - Mother Nature,Abba - Move On,Horace Andy - Horse With No Name,Desmond Dekker - Mother Nature,Emma Shapplin - Spente Le Stelle,Gemelli Diversi - Istruzioni Per L'(Ill)uso,Vittorio Grigolo - Roma Sogna,Emma Shapplin - Spente Le Stelle,Gemelli Diversi - Istruzioni Per L'(Ill)uso,Vittorio Grigolo - Roma Sogna
TRYFLQK128F92EF7F1,SOOVZJZ12A8C1399B9,ARNJ9LU1187B9A56A6,Il Divo,Dentro Un Altro Si,classical,Flaminio Maphia - Quelli Che,Gemelli Diversi - Istruzioni Per L'(Ill)uso,Fabrizio De Andrè - Sinan Capudan Pascià,Flaminio Maphia - Quelli Che,Gemelli Diversi - Istruzioni Per L'(Ill)uso,Fabrizio De Andrè - Sinan Capudan Pascià,Marlene Kuntz - L'Abbraccio,Le Luci Della Centrale Elettrica - Per combattere l'acne,Josh Groban - Oceano (Revised Live Version),Marlene Kuntz - L'Abbraccio,Le Luci Della Centrale Elettrica - Per combattere l'acne,Josh Groban - Oceano (Revised Live Version)
TRRWCOL128F42AD05D,SOOZNYR12A8C13D9F7,ARNJ9LU1187B9A56A6,Il Divo,En Aranjuez Con Tu Amor,classical,Violadores del Verso - Dale tiempo al rumor,Violadores del Verso - Cantando,Victor Manuelle - Lloré Lloré,Violadores del Verso - Dale tiempo al rumor,Violadores del Verso - Cantando,Victor Manuelle - Lloré Lloré,Amici Forever - Aranjuez Ma Pensee,Joan Manuel Serrat - Mediterraneo,Juanes - Tu Y Yo,Amici Forever - Aranjuez Ma Pensee,Joan Manuel Serrat - Mediterraneo,Juanes - Tu Y Yo
TRVRPTI128F92EB390,SOCREBZ12AB017CA05,ARNJ9LU1187B9A56A6,Il Divo,Enamorado,classical,Violadores del Verso - Dale tiempo al rumor,Johnny Prez - Te Vuelvo Loca,Willie Colon - Gitana,Johnny Prez - Te Vuelvo Loca,Violadores del Verso - Dale tiempo al rumor,Willie Colon - Gitana,Maelo Ruiz - Te Amo,Monica Naranjo - Mi Vida Por Un Hombre,Terranova - De Oro,Maelo Ruiz - Te Amo,Monica Naranjo - Mi Vida Por Un Hombre,Terranova - De Oro
TRGRNWU128F42AE46D,SOLRRGS12A8C13FD5A,ARNJ9LU1187B9A56A6,Il Divo,Esisti Dentro Me,classical,Elvis Crespo - Tu Sonrisa,Daddy Yankee - Como Y Vete,RBD - Tu Amor (Hecho En Madrid),Elvis Crespo - Tu Sonrisa,Daddy Yankee - Como Y Vete,RBD - Tu Amor (Hecho En Madrid),Elvis Crespo - Tu Sonrisa,Luis Miguel - Tú Sólo Tú,Vittorio Grigolo - Tu Sei,Elvis Crespo - Tu Sonrisa,Luis Miguel - Tú Sólo Tú,Vittorio Grigolo - Tu Sei
TRNXWLK128F92EC9A7,SOVINFL12A8C139286,ARNJ9LU1187B9A56A6,Il Divo,Everytime I Look At You,classical,Lauryn Hill - Interlude 5,Beastie Boys - B-Boy Bouillabaisse: A.W.O.L. (2009 Digital Remaster),Twista - I'm A Winner (Amended Album Version),Lauryn Hill - Interlude 5,Beastie Boys - B-Boy Bouillabaisse: A.W.O.L. (2009 Digital Remaster),Twista - I'm A Winner (Amended Album Version),G4 - Broken Vow,Josh Groban - Broken Vow (Album Version),Kenny Rogers - Endless love,G4 - Broken Vow,Josh Groban - Broken Vow (Album Version),The Puppini Sisters - I Will Survive
TRITOVK128F92EC9A0,SOCVWFF12A8C13B6EE,ARNJ9LU1187B9A56A6,Il Divo,Feelings,classical,Dean Martin - I've Grown Accustomed To Her Face,Us3 - Can U Feel It?,Gemelli Diversi - Istruzioni Per L'(Ill)uso,Dean Martin - I've Grown Accustomed To Her Face,Us3 - Can U Feel It?,Gemelli Diversi - Istruzioni Per L'(Ill)uso,Amari - 30 Anni Che Non Ci Vediamo,Bluvertigo - Niente Per Scontato,Dean Martin - I've Grown Accustomed To Her Face,Amari - 30 Anni Che Non Ci Vediamo,Bluvertigo - Niente Per Scontato,Dean Martin - I've Grown Accustomed To Her Face
TRRLVOI128F92EB38D,SOKINKK12AB017C9F6,ARNJ9LU1187B9A56A6,Il Divo,Hallelujah (Aleluya),classical,Violadores del Verso - Dale tiempo al rumor,Violadores del Verso - Cantando,Victor Manuelle - Lloré Lloré,Violadores del Verso - Dale tiempo al rumor,Violadores del Verso - Cantando,Victor Manuelle - Lloré Lloré,La Oreja de Van Gogh - El 28,Grupo Niche - Buenaventura Y Caney,Violadores del Verso - Cantando,La Oreja de Van Gogh - El 28,Grupo Niche - Buenaventura Y Caney,Violadores del Verso - Cantando
TRHPPNF128F42ACFA9,SOCXAJQ12A8C13FD4E,ARNJ9LU1187B9A56A6,Il Divo,Hasta Mi Final,classical,Violadores del Verso - Dale tiempo al rumor,Johnny Prez - Te Vuelvo Loca,Violadores del Verso - Cantando,Violadores del Verso - Dale tiempo al rumor,Johnny Prez - Te Vuelvo Loca,Violadores del Verso - Cantando,Maelo Ruiz - Te Amo,Terranova - De Oro,Ana Gabriel - Clemencia,Maelo Ruiz - Te Amo,Terranova - De Oro,Ana Gabriel - Clemencia
TRUXYDP128F93234BD,SOYGKHG12AB01804C8,ARS54I31187FB46721,Taylor Swift,Crazier,country,Lauryn Hill - Interlude 5,Twista - I'm A Winner (Amended Album Version),Danity Kane - Hold Me Down (Album Version),Lauryn Hill - Interlude 5,Twista - I'm A Winner (Amended Album Version),Danity Kane - Hold Me Down (Album Version),Amerie - Higher,Chely Wright - Between A Mother And A Child,Clint Black - You Made Me Feel,Amerie - Higher,Chely Wright - Between A Mother And A Child,Clint Black - You Made Me Feel
TRKVVVK12903CB592C,SODUDUN12AB018CCAB,ARS54I31187FB46721,Taylor Swift,Fifteen,country,Lauryn Hill - Interlude 5,Twista - I'm A Winner (Amended Album Version),Eminem - My Darling,Lauryn Hill - Interlude 5,Twista - I'm A Winner (Amended Album Version),Eminem - My Darling,Damian Marley - In 2 Deep,HELLYEAH - Nausea,Junior Boys - Double Shadow,Damian Marley - In 2 Deep,HELLYEAH - Nausea,Alison Krauss / Union Station - The Lucky One
TRUVVME12903CBA350,SORRBVQ12A58A7AA33,ARS54I31187FB46721,Taylor Swift,Change,country,Lauryn Hill - Interlude 5,Vanilla Ice - Ice Is Workin' It,Daft Punk - Touch It / Technologic,Lauryn Hill - Interlude 5,Vanilla Ice - Ice Is Workin' It,Daft Punk - Touch It / Technologic,Ella Fitzgerald - Manhattan,Modern Life Is War - Destination: Death or Better Days,Dean Martin - Side By Side,Ella Fitzgerald - Manhattan,Modern Life Is War - Destination: Death or Better Days,Dead Kennedys - Kinky Sex Makes the World Go 'Round
TRZGWCY12903CEF521,SOVMMRT12D021B2E6E,ARHATLI1187FB52C76,Toby Keith,You Can't Read My Mind,country,Lauryn Hill - Interlude 5,Beastie Boys - B-Boy Bouillabaisse: A.W.O.L. (2009 Digital Remaster),Twista - I'm A Winner (Amended Album Version),Lauryn Hill - Interlude 5,Twista - I'm A Winner (Amended Album Version),Beastie Boys - B-Boy Bouillabaisse: A.W.O.L. (2009 Digital Remaster),Anastacia - Club Megamix,Amanda Jenssen - Don't Worry,New Order - Bizarre Love Triangle,Anastacia - Club Megamix,Amanda Jenssen - Don't Worry,New Order - Bizarre Love Triangle
TRMAVQT128F4270DBF,SOLJTVT12A58A79F96,ARH861H1187B9B799E,Johnny Cash,Man In White,country,Lauryn Hill - Interlude 5,Beastie Boys - B-Boy Bouillabaisse: A.W.O.L. (2009 Digital Remaster),Eminem - 8 Mile,Lauryn Hill - Interlude 5,Beastie Boys - B-Boy Bouillabaisse: A.W.O.L. (2009 Digital Remaster),Eminem - 8 Mile,Faron Young - Riverboat,Snoop Dogg - Snoopafella (Edited),John Denver - El Paso,Faron Young - Riverboat,Snoop Dogg - Snoopafella (Edited),John Denver - El Paso
TRWVEDL128F4293EA3,SOOVRMN12AF72A0933,AR7ZFLN1187FB4830A,Rascal Flatts,Holes,country,Lauryn Hill - Interlude 5,Beastie Boys - B-Boy Bouillabaisse: A.W.O.L. (2009 Digital Remaster),Twista - I'm A Winner (Amended Album Version),Lauryn Hill - Interlude 5,Beastie Boys - B-Boy Bouillabaisse: A.W.O.L. (2009 Digital Remaster),Twista - I'm A Winner (Amended Album Version),Joni Mitchell - Lesson In Survival  (LP Version),RKL - Heavily Sedated,Beastie Boys - B-Boy Bouillabaisse: A.W.O.L. (2009 Digital Remaster),Joni Mitchell - Lesson In Survival  (LP Version),RKL - Heavily Sedated,Beastie Boys - B-Boy Bouillabaisse: A.W.O.L. (2009 Digital Remaster)
TRTVVYX128F9328DBA,SOMKEYV12AF72A20B2,ARFL99B1187B9A2A45,Sugarland,Baby Girl,country,Lauryn Hill - Interlude 5,Beastie Boys - B-Boy Bouillabaisse: A.W.O.L. (2009 Digital Remaster),Twista - I'm A Winner (Amended Album Version),Lauryn Hill - Interlude 5,Beastie Boys - B-Boy Bouillabaisse: A.W.O.L. (2009 Digital Remaster),Twista - I'm A Winner (Amended Album Version),Michael Bublé - Stuck In The Middle With You (Non-Album Track),Gary Allan - Promise Broken,A Tribe Called Quest - Hot Sex,Michael Bublé - Stuck In The Middle With You (Non-Album Track),Gary Allan - Promise Broken,A Tribe Called Quest - Hot Sex
TRTGPPK128F1459DD4,SOIHEED12A6D4F5E36,AR4DW2Q1187FB44DB6,Billy Currington,Growin' Up Down There,country,Lauryn Hill - Interlude 5,Beastie Boys - B-Boy Bouillabaisse: A.W.O.L. (2009 Digital Remaster),Twista - I'm A Winner (Amended Album Version),Lauryn Hill - Interlude 5,Beastie Boys - B-Boy Bouillabaisse: A.W.O.L. (2009 Digital Remaster),Twista - I'm A Winner (Amended Album Version),The Streets - The Irony Of It All (Album Version),N-Dubz - Sex,Westlife - That's Life,The Streets - The Irony Of It All (Album Version),N-Dubz - Sex,Lil Wyte - Ten Toes Tall
TRHUIRM128F426BFD5,SOMDWHQ12A6D4F5E30,AR4DW2Q1187FB44DB6,Billy Currington,Hangin' Around,country,Lauryn Hill - Interlude 5,Twista - I'm A Winner (Amended Album Version),Erykah Badu - I Want You,Lauryn Hill - Interlude 5,Twista - I'm A Winner (Amended Album Version),Erykah Badu - I Want You,Kevin Devine - Fever Moon,The Corrs - Irresistible ( LP Version ),Ricky Skaggs - I Wouldn't Change You If I Could,Kevin Devine - Fever Moon,The Corrs - Irresistible ( LP Version ),Ricky Skaggs - I Wouldn't Change You If I Could
TRJNTQQ128F426BFD0,SOVXWMI12A8C13B667,AR4DW2Q1187FB44DB6,Billy Currington,Here I Am,country,Lauryn Hill - Interlude 5,Beastie Boys - B-Boy Bouillabaisse: A.W.O.L. (2009 Digital Remaster),Twista - I'm A Winner (Amended Album Version),Lauryn Hill - Interlude 5,Beastie Boys - B-Boy Bouillabaisse: A.W.O.L. (2009 Digital Remaster),Twista - I'm A Winner (Amended Album Version),Aesop Rock - Shovel,Michael Bublé - Stuck In The Middle With You (Non-Album Track),Momus - Closer To You,Aesop Rock - Shovel,Michael Bublé - Stuck In The Middle With You (Non-Album Track),Momus - Closer To You
TRZJCNT128F426BFCC,SOWNWBW12A8C13B65E,AR4DW2Q1187FB44DB6,Billy Currington,She's Got A Way With Me,country,Lauryn Hill - Interlude 5,Beastie Boys - B-Boy Bouillabaisse: A.W.O.L. (2009 Digital Remaster),Twiztid - She Ain't Afraid,Lauryn Hill - Interlude 5,Beastie Boys - B-Boy Bouillabaisse: A.W.O.L. (2009 Digital Remaster),Young Jeezy - By The Way,Josh Turner - Haywire,Atmosphere - Hair,James Taylor - Something In The Way She Moves,Josh Turner - Haywire,Atmosphere - Hair,James Taylor - Something In The Way She Moves
TRPZEWS128F92F585E,SOOSFVL12AB018253F,AR4DW2Q1187FB44DB6,Billy Currington,That's How Country Boys Roll,country,Lauryn Hill - Interlude 5,Michael Jackson - Man In The Mirror,Beastie Boys - B-Boy Bouillabaisse: A.W.O.L. (2009 Digital Remaster),Lauryn Hill - Interlude 5,Michael Jackson - Man In The Mirror,Beastie Boys - B-Boy Bouillabaisse: A.W.O.L. (2009 Digital Remaster),The Dubliners - The Molly Maguires,Dropkick Murphys - Good Rats (Live),Valient Thorr - False Profits,The Dubliners - The Molly Maguires,Dropkick Murphys - Good Rats (Live),Valient Thorr - False Profits
TRYPBLE128F1459DD1,SOKHXYG12A6D4F5E33,AR4DW2Q1187FB44DB6,Billy Currington,Where The Girls Are,country,Lauryn Hill - Interlude 5,Beastie Boys - B-Boy Bouillabaisse: A.W.O.L. (2009 Digital Remaster),Eminem - My Darling,Lauryn Hill - Interlude 5,Beastie Boys - B-Boy Bouillabaisse: A.W.O.L. (2009 Digital Remaster),Eminem - My Darling,Public Image Ltd - Where Are You?,Antimatter - Legions,Leo Sayer - Wondering Where The Lions Are,Public Image Ltd - Where Are You?,Antimatter - Legions,Leo Sayer - Wondering Where The Lions Are
TRKVITQ128F4271B31,SOVALXP12D021B3DA8,ARH861H1187B9B799E,Johnny Cash,Daddy Sang Bass,country,Lauryn Hill - Interlude 5,Beastie Boys - B-Boy Bouillabaisse: A.W.O.L. (2009 Digital Remaster),The Pharcyde - Otha Fish,Lauryn Hill - Interlude 5,Beastie Boys - B-Boy Bouillabaisse: A.W.O.L. (2009 Digital Remaster),The Pharcyde - Otha Fish,Pentangle - Will the Circle Be Unbroken?,Opera IX - Immortal Chant,Bruce Springsteen - Brothers Under The Bridges ('83),Pentangle - Will the Circle Be Unbroken?,Opera IX - Immortal Chant,Bruce Springsteen - Brothers Under The Bridges ('83)
TRGZDBB128F4270A4C,SOLWDNH12D021B2402,ARH861H1187B9B799E,Johnny Cash,I Don't Know Where I'm Bound,country,Beastie Boys - B-Boy Bouillabaisse: A.W.O.L. (2009 Digital Remaster),Eminem - 8 Mile,R. Kelly - I Mean (I Don't Mean It),Eminem - 8 Mile,Beastie Boys - B-Boy Bouillabaisse: A.W.O.L. (2009 Digital Remaster),R. Kelly - I Mean (I Don't Mean It),LMFAO - I Am Not A Whore,Sylver - Fallin',Sneaky Sound System - 16,LMFAO - I Am Not A Whore,Sylver - Fallin',Sneaky Sound System - 16
TRMBNRH12903D02C23,SOWLYYP12D0219044F,ARH861H1187B9B799E,Johnny Cash,I Was There When It Happened,country,Lauryn Hill - Interlude 5,Beastie Boys - B-Boy Bouillabaisse: A.W.O.L. (2009 Digital Remaster),Eminem - 8 Mile,Lauryn Hill - Interlude 5,Beastie Boys - B-Boy Bouillabaisse: A.W.O.L. (2009 Digital Remaster),Eminem - 8 Mile,Common - Book Of Life,Bananarama - Lovebite,Lupe Fiasco - Hurt Me Soul (Explicit Album Version),Common - Book Of Life,Bananarama - Lovebite,Lupe Fiasco - Hurt Me Soul (Explicit Album Version)
TRBXYKU128F427915D,SOEXZQP12D021B0F1D,ARH861H1187B9B799E,Johnny Cash,The Big Battle,country,Lauryn Hill - Interlude 5,Beastie Boys - B-Boy Bouillabaisse: A.W.O.L. (2009 Digital Remaster),Eminem - My Darling,Lauryn Hill - Interlude 5,Beastie Boys - B-Boy Bouillabaisse: A.W.O.L. (2009 Digital Remaster),Eminem - My Darling,Solefald - Loki Trickster God,KRS ONE - I'm On The Mic,Snow Patrol - The Lightning Strike,Solefald - Loki Trickster God,KRS ONE - I'm On The Mic,Snow Patrol - The Lightning Strike
TRFRXGD128F42717FF,SOHCAKG12A8BED7973,ARH861H1187B9B799E,Johnny Cash,A Thing Called Love,country,Lauryn Hill - Interlude 5,Michael Jackson - Man In The Mirror,Beastie Boys - B-Boy Bouillabaisse: A.W.O.L. (2009 Digital Remaster),Lauryn Hill - Interlude 5,Michael Jackson - Man In The Mirror,Beastie Boys - B-Boy Bouillabaisse: A.W.O.L. (2009 Digital Remaster),Pete Murray - My Time,Reckless Kelly - Broken Heart,Aesop Rock - Mars Attacks,Aesop Rock - Mars Attacks,Company Flow - The Fire In Which You Burn (feat. J-Treds & The Brewin From The Juggaknots),Pete Murray - My Time
TRYIYFG128F42603CC,SOOUGLY12A8BEE954A,ARH861H1187B9B799E,Johnny Cash,You Dreamer You,country,Lauryn Hill - Interlude 5,Twista - I'm A Winner (Amended Album Version),Erykah Badu - I Want You,Lauryn Hill - Interlude 5,Twista - I'm A Winner (Amended Album Version),Erykah Badu - I Want You,Heavenly - Tool,Jay-Jay Johanson - I fantasize of you,Hello Saferide - Get Sick Soon,Heavenly - Tool,Jay-Jay Johanson - I fantasize of you,Hello Saferide - Get Sick Soon
TRQHDNY128F92E3A01,SOOFVUE12AB017B824,ARH861H1187B9B799E,Johnny Cash,I Walk The Line,country,Lauryn Hill - Interlude 5,Twista - I'm A Winner (Amended Album Version),Beastie Boys - B-Boy Bouillabaisse: A.W.O.L. (2009 Digital Remaster),Lauryn Hill - Interlude 5,Twista - I'm A Winner (Amended Album Version),Beastie Boys - B-Boy Bouillabaisse: A.W.O.L. (2009 Digital Remaster),Brian McKnight - Holdin' On [Missin' U] (Album Version),Ben Folds Five - Don't Change Your Plans,Mario Vazquez - Everytime I...,Brian McKnight - Holdin' On [Missin' U] (Album Version),Ben Folds Five - Don't Change Your Plans,Clint Black - Killin' Time
TRGCHXM128F429CBB9,SOKDAHN12A8C13F938,ARH861H1187B9B799E,Johnny Cash,Life's Railway To Heaven,country,Lauryn Hill - Interlude 5,Michael Jackson - Man In The Mirror,The Pharcyde - Otha Fish,Lauryn Hill - Interlude 5,The Pharcyde - Otha Fish,Michael Jackson - Man In The Mirror,Andrea Bocelli - The Lords Prayer,Amici Forever - The Prayer,Pain of Salvation - Kingdom of Loss,Andrea Bocelli - The Lords Prayer,Amici Forever - The Prayer,Pain of Salvation - Kingdom of Loss
TRSJGNV128F92F4124,SODVCJH12AF72A4A08,AR3ETJY1187B98ED15,Darius Rucker,If I Had Wings,country,Beastie Boys - B-Boy Bouillabaisse: A.W.O.L. (2009 Digital Remaster),Lauryn Hill - Interlude 5,Eminem - 8 Mile,Beastie Boys - B-Boy Bouillabaisse: A.W.O.L. (2009 Digital Remaster),Mario Vazquez - Everytime I...,Lauryn Hill - Interlude 5,Unsung Zeros - Intermission,Manafest - Runaway,Alice Peacock - Here I Go Again,Unsung Zeros - Intermission,Manafest - Runaway,Alice Peacock - Here I Go Again
TRHTOYT128F429FEF4,SOVZHIK12A8C1349BD,ARNNM56119B86686EA,Luke Bryan,Pray About Everything,country,Mindless Self Indulgence - Never Wanted to Dance,Lauryn Hill - Interlude 5,R. Kelly - I Mean (I Don't Mean It),Mindless Self Indulgence - Never Wanted to Dance,R. Kelly - I Mean (I Don't Mean It),Lauryn Hill - Interlude 5,Diamond Rio - One More Day,Savoy Brown - Stay While The Night Is Young,Chicago - Life It What It Is (Remastered LP Version),Diamond Rio - One More Day,Savoy Brown - Stay While The Night Is Young,Chicago - Life It What It Is (Remastered LP Version)
TRCFFVR128F145D6DF,SOYPMDY12A6D4F77DE,AR95IYB1187FB3FE0B,Keith Urban,Your Everything,country,Lauryn Hill - Interlude 5,Beastie Boys - B-Boy Bouillabaisse: A.W.O.L. (2009 Digital Remaster),Twista - I'm A Winner (Amended Album Version),Lauryn Hill - Interlude 5,Twista - I'm A Winner (Amended Album Version),Beastie Boys - B-Boy Bouillabaisse: A.W.O.L. (2009 Digital Remaster),The Dells - It's All Up To You,Amici Forever - Whisper of Angels,Momus - Closer To You,The Dells - It's All Up To You,Momus - Closer To You,Amici Forever - Whisper of Angels
TRQSGEL128F4242DFC,SOAXCEO12CF5F873BF,ARHATLI1187FB52C76,Toby Keith,A Little Too Late,country,Lauryn Hill - Interlude 5,Michael Jackson - Man In The Mirror,Rufio - Over It (Acoustic),Lauryn Hill - Interlude 5,Rufio - Over It (Acoustic),Michael Jackson - Man In The Mirror,Smokie - Little Lucy,Zeromancer - My Little Tragedy,Little Walter - Too Late,Smokie - Little Lucy,Zeromancer - My Little Tragedy,Little Walter - Too Late
TRAIMRN128E0791E72,SOAOYPN12CF52D3231,ARHATLI1187FB52C76,Toby Keith,Who's Your Daddy?,country,Lauryn Hill - Interlude 5,Twista - I'm A Winner (Amended Album Version),Eminem - My Darling,Lauryn Hill - Interlude 5,Marques Houston - Cancel (Album Version),Eminem - My Darling,Aretha Franklin - Who's Zoomin' Who?,Marques Houston - Cancel (Album Version),Dar Williams - Your Fire Your Soul,Aretha Franklin - Who's Zoomin' Who?,Marques Houston - Cancel (Album Version),Dar Williams - Your Fire Your Soul
TRRSVGD128F4242DDC,SORPIQY12A8C13632E,ARHATLI1187FB52C76,Toby Keith,A Woman's Touch,country,Lauryn Hill - Interlude 5,Beastie Boys - B-Boy Bouillabaisse: A.W.O.L. (2009 Digital Remaster),Michael Jackson - Man In The Mirror,Lauryn Hill - Interlude 5,Beastie Boys - B-Boy Bouillabaisse: A.W.O.L. (2009 Digital Remaster),Eminem - 8 Mile,Moxy Fruvous - The Greatest Man In America,MC Paul Barman - Anarchist Bookstore part 1,Billy Gilman - Oklahoma,Moxy Fruvous - The Greatest Man In America,MC Paul Barman - Anarchist Bookstore part 1,Billy Gilman - Oklahoma
TRTXHKL128F4242DD9,SOROSTR12A8C136324,ARHATLI1187FB52C76,Toby Keith,Big Ol' Truck,country,Beastie Boys - B-Boy Bouillabaisse: A.W.O.L. (2009 Digital Remaster),Lauryn Hill - Interlude 5,Michael Jackson - Man In The Mirror,Beastie Boys - B-Boy Bouillabaisse: A.W.O.L. (2009 Digital Remaster),Lauryn Hill - Interlude 5,Twiztid - She Ain't Afraid,Mark Wills - She's In Love,Ben Kweller - Magic,Ben E. King - Spanish Harlem (LP Version),Mark Wills - She's In Love,Ben Kweller - Magic,Ben E. King - Spanish Harlem (LP Version)
TRADETN128F148CF19,SOEKKYB12A6D4F81D4,ARHATLI1187FB52C76,Toby Keith,Blue Bedroom,country,Lauryn Hill - Interlude 5,Twista - I'm A Winner (Amended Album Version),Eminem - My Darling,Lauryn Hill - Interlude 5,Twista - I'm A Winner (Amended Album Version),Eminem - My Darling,Ayo - Only You,7L & Esoteric - Boxcutter Rap,Stuck Mojo - Suburban Ranger,Ayo - Only You,7L & Esoteric - Boxcutter Rap,Stuck Mojo - Suburban Ranger
TRKKXKG128E0791E74,SOJRPQW12B0B808689,ARHATLI1187FB52C76,Toby Keith,It's All Good,country,Lauryn Hill - Interlude 5,Beastie Boys - B-Boy Bouillabaisse: A.W.O.L. (2009 Digital Remaster),Vanilla Ice - Ice Is Workin' It,Lauryn Hill - Interlude 5,Beastie Boys - B-Boy Bouillabaisse: A.W.O.L. (2009 Digital Remaster),Vanilla Ice - Ice Is Workin' It,Above The Law - Flow On (Move Me No Mountain),Set Your Goals - our ethos: a legacy to pass on,Mack 10 - LBC And The ING (Explicit),Above The Law - Flow On (Move Me No Mountain),Set Your Goals - our ethos: a legacy to pass on,Mack 10 - LBC And The ING (Explicit)
TRSSUAV128F148D60F,SOLBJPX12A6D4F901D,ARHATLI1187FB52C76,Toby Keith,Sweet,country,Lauryn Hill - Interlude 5,Beastie Boys - B-Boy Bouillabaisse: A.W.O.L. (2009 Digital Remaster),Twista - I'm A Winner (Amended Album Version),Lauryn Hill - Interlude 5,Beastie Boys - B-Boy Bouillabaisse: A.W.O.L. (2009 Digital Remaster),Twista - I'm A Winner (Amended Album Version),Common - Book Of Life,Remy Ma - I'm,OutKast - Claimin' True,Common - Book Of Life,OutKast - Claimin' True,Remy Ma - I'm
TRFROET128F148CF1F,SOPBTRI12A6D4F81DA,ARHATLI1187FB52C76,Toby Keith,You Shouldn't Kiss Me Like This,country,Lauryn Hill - Interlude 5,Twista - I'm A Winner (Amended Album Version),Beastie Boys - B-Boy Bouillabaisse: A.W.O.L. (2009 Digital Remaster),Lauryn Hill - Interlude 5,Twista - I'm A Winner (Amended Album Version),Beastie Boys - B-Boy Bouillabaisse: A.W.O.L. (2009 Digital Remaster),Lauryn Hill - Interlude 5,Kenickie - I Never Complain,Natasha Bedingfield - Stumble,Lauryn Hill - Interlude 5,Kenickie - I Never Complain,Souls Of Mischief - One
TRFHVTT12903CF7CD9,SOBAAFP12D02198DCD,ARFR3E51187B9A0A85,Sara Evans,A Real Fine Place To Start,country,Lauryn Hill - Interlude 5,Twista - I'm A Winner (Amended Album Version),Michael Jackson - Man In The Mirror,Lauryn Hill - Interlude 5,Twista - I'm A Winner (Amended Album Version),Erykah Badu - I Want You,Natalie Cole - I'm Catching Hell (Living Here Alone) (Digitally Remastered 02),Black Sabbath - Sweet Leaf,Digital Underground - Sex Packets (LP Version),Natalie Cole - I'm Catching Hell (Living Here Alone) (Digitally Remastered 02),Digital Underground - Sex Packets (LP Version),Black Sabbath - Sweet Leaf
TRXZNNF12903CA6F9B,SOWEIIN12AB018066C,ARO4WQR1187B9B9825,Kenny Rogers,Endless love,country,Lauryn Hill - Interlude 5,Twista - I'm A Winner (Amended Album Version),Beastie Boys - B-Boy Bouillabaisse: A.W.O.L. (2009 Digital Remaster),Lauryn Hill - Interlude 5,Twista - I'm A Winner (Amended Album Version),Erykah Badu - I Want You,Hello Saferide - Get Sick Soon,Next - I Still Love You,Babyface - Seven Seas,Hello Saferide - Get Sick Soon,Next - I Still Love You,Babyface - Seven Seas
TRTSAUB128E07859FC,SOGBBSX12A6701E426,ARV9LSS1187B98C471,Blake Shelton,Love Gets In The Way (Album Version),country,Lauryn Hill - Interlude 5,Beastie Boys - B-Boy Bouillabaisse: A.W.O.L. (2009 Digital Remaster),Twista - I'm A Winner (Amended Album Version),Twista - I'm A Winner (Amended Album Version),Beastie Boys - B-Boy Bouillabaisse: A.W.O.L. (2009 Digital Remaster),Lauryn Hill - Interlude 5,Fairground Attraction - Whispers,The Supremes - Stranger In Paradise,Nguru - The Way It Is,Fairground Attraction - Whispers,The Supremes - Stranger In Paradise,Nguru - The Way It Is
TRFMGIO128F42591F0,SOBCKDM12D021B3D99,ARK4ZEK1187B990A4F,George Strait,I'd Like To Have That One Back,country,Lauryn Hill - Interlude 5,Beastie Boys - B-Boy Bouillabaisse: A.W.O.L. (2009 Digital Remaster),Eminem - 8 Mile,Lauryn Hill - Interlude 5,Beastie Boys - B-Boy Bouillabaisse: A.W.O.L. (2009 Digital Remaster),Eminem - 8 Mile,Unsung Zeros - Intermission,The Jeff Healey Band - My Little Girl,Con Funk Shun - Electric Lady,Unsung Zeros - Intermission,The Jeff Healey Band - My Little Girl,Con Funk Shun - Electric Lady
TRDYUVI128E078F725,SOEJDOV12D021B3BD5,ARK4ZEK1187B990A4F,George Strait,Marina Del Rey,country,Lauryn Hill - Interlude 5,Beastie Boys - B-Boy Bouillabaisse: A.W.O.L. (2009 Digital Remaster),The Pharcyde - Otha Fish,Lauryn Hill - Interlude 5,Beastie Boys - B-Boy Bouillabaisse: A.W.O.L. (2009 Digital Remaster),The Pharcyde - Otha Fish,Strung Out - Dead Spaces,Cyndi Lauper - Sally's Pigeons,Ben E. King - Spanish Harlem (LP Version),Strung Out - Dead Spaces,Cyndi Lauper - Sally's Pigeons,Bruce Springsteen - Brothers Under The Bridges ('83)
TRPNLLB128F14956A5,SOPBLAJ12D02193A82,ARK4ZEK1187B990A4F,George Strait,Milk Cow Blues,country,Lauryn Hill - Interlude 5,Twista - I'm A Winner (Amended Album Version),Beastie Boys - B-Boy Bouillabaisse: A.W.O.L. (2009 Digital Remaster),Lauryn Hill - Interlude 5,Twista - I'm A Winner (Amended Album Version),Beastie Boys - B-Boy Bouillabaisse: A.W.O.L. (2009 Digital Remaster),Clawfinger - Revenge,Barry White - Never Gonna Give You Up,Eminem - My Darling,Barry White - Never Gonna Give You Up,Clawfinger - Revenge,Eminem - My Darling
TRTDHSB128F422B90F,SOWKMZU12A81C2165A,ARKZ13R1187FB54FEE,Josh Turner,Another Try,country,Beastie Boys - B-Boy Bouillabaisse: A.W.O.L. (2009 Digital Remaster),Eminem - 8 Mile,Lauryn Hill - Interlude 5,Beastie Boys - B-Boy Bouillabaisse: A.W.O.L. (2009 Digital Remaster),Eminem - 8 Mile,Mario Vazquez - Everytime I...,Elizabeth Cotten - When I'm Gone,Clint Black - Killin' Time,David Ball - Blowin' Smoke,Elizabeth Cotten - When I'm Gone,Clint Black - Killin' Time,Sage Francis - Keep Moving
TREXZYC12903CA281A,SOLDPJZ12AB0186231,ARKZ13R1187FB54FEE,Josh Turner,As Fast As I Could,country,Lauryn Hill - Interlude 5,Beastie Boys - B-Boy Bouillabaisse: A.W.O.L. (2009 Digital Remaster),Twista - I'm A Winner (Amended Album Version),Lauryn Hill - Interlude 5,Beastie Boys - B-Boy Bouillabaisse: A.W.O.L. (2009 Digital Remaster),Twista - I'm A Winner (Amended Album Version),Common - Book Of Life,Aaron Carter - That's How I Beat Shaq,Mario Vazquez - Everytime I...,Common - Book Of Life,Aaron Carter - That's How I Beat Shaq,Mario Vazquez - Everytime I...
TRDXSGX128F425F173,SOTSNDR12A8AE47599,ARF8HTQ1187B9AE693,Daft Punk,One More Time / Aerodynamic,electronic,Lauryn Hill - Interlude 5,Danity Kane - Hold Me Down (Album Version),Beastie Boys - B-Boy Bouillabaisse: A.W.O.L. (2009 Digital Remaster),Lauryn Hill - Interlude 5,Danity Kane - Hold Me Down (Album Version),Black Eyed Peas - One Tribe,Fair Warning - Take Me Up,Daft Punk - One More Time (Romanthony's Unplugged),Colbie Caillat - Midnight Bottle,Fair Warning - Take Me Up,Daft Punk - One More Time (Romanthony's Unplugged),Colbie Caillat - Midnight Bottle
TREAQSX128E07818CA,SOAWSML12A6310F1B7,ARF8HTQ1187B9AE693,Daft Punk,One More Time (Romanthony's Unplugged),electronic,Lauryn Hill - Interlude 5,Twista - I'm A Winner (Amended Album Version),Ja Rule - One of Us,Lauryn Hill - Interlude 5,Twista - I'm A Winner (Amended Album Version),Ja Rule - One of Us,Fractured - One More Time,Hot Tuna - Come Back Baby,Tanya Tucker - One Love At A Time,Fractured - One More Time,Hot Tuna - Come Back Baby,Tanya Tucker - One Love At A Time
TRBVPVV128F425F14F,SOOHYOB12CF5F87A28,ARF8HTQ1187B9AE693,Daft Punk,Touch It / Technologic,electronic,Vanilla Ice - Ice Is Workin' It,Charley Patton - Shake It And Break It,Meat Loaf - If It Aint Broke Break It,Vanilla Ice - Ice Is Workin' It,Charley Patton - Shake It And Break It,Meat Loaf - If It Aint Broke Break It,Devo - Whip It,Robbie Williams - It's De-Lovely,Blossom Dearie - It's Too Good To Talk About Now,Devo - Whip It,Robbie Williams - It's De-Lovely,Blossom Dearie - It's Too Good To Talk About Now
TRBROFT128F92F8769,SOYPPAZ12A8C143CD6,ARORMBJ1241B9CDB1A,Ke$ha,Boots &  Boys,electronic,Lauryn Hill - Interlude 5,Beastie Boys - B-Boy Bouillabaisse: A.W.O.L. (2009 Digital Remaster),Twista - I'm A Winner (Amended Album Version),Lauryn Hill - Interlude 5,Beastie Boys - B-Boy Bouillabaisse: A.W.O.L. (2009 Digital Remaster),Nelly - Splurge,Stephanie McIntosh - Overcome,Carpark North - I And You,Ty Herndon - Pray For Me,Stephanie McIntosh - Overcome,Carpark North - I And You,Ty Herndon - Pray For Me
TRIIWCU128F92F876A,SOQVJWF12A58A801EF,ARORMBJ1241B9CDB1A,Ke$ha,Animal,electronic,Lauryn Hill - Interlude 5,Beastie Boys - B-Boy Bouillabaisse: A.W.O.L. (2009 Digital Remaster),Eminem - 8 Mile,Lauryn Hill - Interlude 5,Beastie Boys - B-Boy Bouillabaisse: A.W.O.L. (2009 Digital Remaster),Eminem - 8 Mile,Bird York - Lovely Thing,Wyclef Jean - Intro,Tanya Tucker - Complicated,Bird York - Lovely Thing,KRS ONE - I'm On The Mic,Tanya Tucker - Complicated
TRVDAHO128F92F231E,SOXUSKK12A8C144F94,AR0IVTL1187B9AD520,Katy Perry,Hot N Cold (Innerpartysystem Main),electronic,Lauryn Hill - Interlude 5,Twista - I'm A Winner (Amended Album Version),Eminem - My Darling,Lauryn Hill - Interlude 5,Twista - I'm A Winner (Amended Album Version),Eminem - My Darling,Sleeper - Delicious,Husker Du - You're A Soldier,Patricia Barber - You're The Top,Sleeper - Delicious,Husker Du - You're A Soldier,Patricia Barber - You're The Top
TRUGOGT128F92F29E9,SONPGGS12AB0183AD2,AR0WLH6119B8669027,Owl City,Captains and Cruise Ships,electronic,Lauryn Hill - Interlude 5,Twista - I'm A Winner (Amended Album Version),Beastie Boys - B-Boy Bouillabaisse: A.W.O.L. (2009 Digital Remaster),Lauryn Hill - Interlude 5,Twista - I'm A Winner (Amended Album Version),Beastie Boys - B-Boy Bouillabaisse: A.W.O.L. (2009 Digital Remaster),Beastie Boys - B-Boy Bouillabaisse: A.W.O.L. (2009 Digital Remaster),MC Paul Barman - Excuse You,Kevin Devine - Fever Moon,Beastie Boys - B-Boy Bouillabaisse: A.W.O.L. (2009 Digital Remaster),MC Paul Barman - Excuse You,Kool Moe Dee - Bad Mutha
TRNEITZ128F92F29EA,SOIFHDS12AB0183AD5,AR0WLH6119B8669027,Owl City,Designer Skyline,electronic,Lauryn Hill - Interlude 5,Beastie Boys - B-Boy Bouillabaisse: A.W.O.L. (2009 Digital Remaster),Eminem - My Darling,Lauryn Hill - Interlude 5,Beastie Boys - B-Boy Bouillabaisse: A.W.O.L. (2009 Digital Remaster),Nelly - Splurge,General Surgery - Viva ! blunt force trauma,Further Seems Forever - Snowbirds And Townies,Motörhead - Out of the sun,General Surgery - Viva ! blunt force trauma,Further Seems Forever - Snowbirds And Townies,Motörhead - Out of the sun
TRMIHFS128F92F2A01,SOLCHRP12AC468D757,AR0WLH6119B8669027,Owl City,Early Birdie,electronic,Lauryn Hill - Interlude 5,Beastie Boys - B-Boy Bouillabaisse: A.W.O.L. (2009 Digital Remaster),Twista - I'm A Winner (Amended Album Version),Lauryn Hill - Interlude 5,Beastie Boys - B-Boy Bouillabaisse: A.W.O.L. (2009 Digital Remaster),Twista - I'm A Winner (Amended Album Version),The Streets - The Irony Of It All (Album Version),Lil Wyte - Ten Toes Tall,Blackstreet - How We Do,The Streets - The Irony Of It All (Album Version),Lil Wyte - Ten Toes Tall,Blackstreet - How We Do
TRDEVZQ128F931BAED,SOQLHST12AB0184A27,AR0WLH6119B8669027,Owl City,Meteor Shower,electronic,Lauryn Hill - Interlude 5,Beastie Boys - B-Boy Bouillabaisse: A.W.O.L. (2009 Digital Remaster),Erykah Badu - I Want You,Erykah Badu - I Want You,Beastie Boys - B-Boy Bouillabaisse: A.W.O.L. (2009 Digital Remaster),Lauryn Hill - Interlude 5,K'Naan - Soobax,Ashley MacIsaac - I Don't Need This,Sage Francis - Keep Moving,K'Naan - Soobax,Ashley MacIsaac - I Don't Need This,Sage Francis - Keep Moving
TRCXWLU128F92F2A0D,SOWHUXB12AB01816EE,AR0WLH6119B8669027,Owl City,This Is The Future,electronic,Lauryn Hill - Interlude 5,Eminem - My Darling,Pain of Salvation - Spitfall,Lauryn Hill - Interlude 5,Eminem - My Darling,Pain of Salvation - Spitfall,Unter Null - Disgrace (Unholy Remix),Pencey Prep - Fat And Alone,Pain of Salvation - Spitfall,Unter Null - Disgrace (Unholy Remix),Pencey Prep - Fat And Alone,Pain of Salvation - Spitfall
TRVJTNA128F934D19D,SOKTUGM12AB0184005,ARRBF3M1187FB4D59F,30 Seconds To Mars,Kings and Queens (Innerpartysystem Remix Main),electronic,Lauryn Hill - Interlude 5,Ja Rule - One of Us,Beastie Boys - B-Boy Bouillabaisse: A.W.O.L. (2009 Digital Remaster),Lauryn Hill - Interlude 5,Ja Rule - One of Us,Ladyhawke - Crazy World,Dead Kennedys - Goons of Hazzard,Zeigeist - Black Milk,IMMORTAL - Tyrants,Dead Kennedys - Goons of Hazzard,Zeigeist - Black Milk,IMMORTAL - Tyrants
TRRBLPE128F9311B20,SOMSZSA12AB0182E3A,ARVKJGO12086C15075,LMFAO,Bounce,electronic,Lauryn Hill - Interlude 5,Beastie Boys - B-Boy Bouillabaisse: A.W.O.L. (2009 Digital Remaster),Twista - I'm A Winner (Amended Album Version),Lauryn Hill - Interlude 5,Beastie Boys - B-Boy Bouillabaisse: A.W.O.L. (2009 Digital Remaster),Twista - I'm A Winner (Amended Album Version),OutKast - Claimin' True,Redman - Soopaman Luva 3,Warren G - We Brings Heat,OutKast - Claimin' True,Redman - Soopaman Luva 3,Warren G - We Brings Heat
TRWQYOY128F425BD4C,SOODXDV12A8AE4807F,AR5K3CW1187FB45B46,Crystal Castles,Vanished,electronic,Lauryn Hill - Interlude 5,Beastie Boys - B-Boy Bouillabaisse: A.W.O.L. (2009 Digital Remaster),Eminem - My Darling,Lauryn Hill - Interlude 5,Beastie Boys - B-Boy Bouillabaisse: A.W.O.L. (2009 Digital Remaster),Eminem - My Darling,Gin Blossoms - Cheatin',The Jazz Butcher - She's On Drugs,Blanks77 - We Don't Need You,Gin Blossoms - Cheatin',The Jazz Butcher - She's On Drugs,Faithless - The Man In You
TRLLRQA128F427C709,SOSKKKY12A8C13ED21,AR5K3CW1187FB45B46,Crystal Castles,Xxzxcuzx,electronic,Lauryn Hill - Interlude 5,Beastie Boys - B-Boy Bouillabaisse: A.W.O.L. (2009 Digital Remaster),Twista - I'm A Winner (Amended Album Version),Lauryn Hill - Interlude 5,Beastie Boys - B-Boy Bouillabaisse: A.W.O.L. (2009 Digital Remaster),Twista - I'm A Winner (Amended Album Version),Dead Kennedys - Kinky Sex Makes the World Go 'Round,Gang Starr - The Place We Dwell,Pink Martini - Tea For Two (Featuring Jimmy Scott),Dead Kennedys - Kinky Sex Makes the World Go 'Round,Gang Starr - The Place We Dwell,Pink Martini - Tea For Two (Featuring Jimmy Scott)
TRDFWPG128F148D4DF,SOIWRAH12A6D4F66C0,ARBEOHF1187B9B044D,Madonna,Die Another Day [Live],electronic,Mario Vazquez - Everytime I...,Eminem - 8 Mile,Beastie Boys - B-Boy Bouillabaisse: A.W.O.L. (2009 Digital Remaster),Mario Vazquez - Everytime I...,Eminem - 8 Mile,Beastie Boys - B-Boy Bouillabaisse: A.W.O.L. (2009 Digital Remaster),Bracket - Cynically Depressed,The Runaways - School Days,Floetry - I'll Die,Bracket - Cynically Depressed,The Runaways - School Days,Floetry - I'll Die
TRVWMWN128E0788952,SOMANNK12A6701F0A1,ARN5NHX1187FB4F755,The Smashing Pumpkins,Perfect (Nellee Hooper Instrumental),electronic,Lauryn Hill - Interlude 5,Twista - I'm A Winner (Amended Album Version),Erykah Badu - I Want You,Lauryn Hill - Interlude 5,Erykah Badu - I Want You,Twista - I'm A Winner (Amended Album Version),RIDDLIN' KIDS - Ship Jumper,The Wonder Years - Dude_ What Is a Land Pirate?,Harry Connick_ Jr. - We Are In Love,The Wonder Years - Dude_ What Is a Land Pirate?,RIDDLIN' KIDS - Ship Jumper,Tony Sly - On the Outside
TRDHPGJ128F4289C44,SOESBMW12A8AE48210,AR8V1X71187B9B919B,Kylie Minogue,Love At First Sight (The Scumfrog's Beauty And The Beast Vocal Edit),electronic,Lauryn Hill - Interlude 5,Twista - I'm A Winner (Amended Album Version),Beastie Boys - B-Boy Bouillabaisse: A.W.O.L. (2009 Digital Remaster),Lauryn Hill - Interlude 5,Twista - I'm A Winner (Amended Album Version),Beastie Boys - B-Boy Bouillabaisse: A.W.O.L. (2009 Digital Remaster),Neil Diamond - Delirious Love,Bonnie Raitt - Hear Me Lord,Smokey Robinson - Cruisin',Neil Diamond - Delirious Love,Bonnie Raitt - Hear Me Lord,Smokey Robinson - Cruisin'
TRFSQXF128F9311B25,SOCHMTD1288D3E7D9D,ARVKJGO12086C15075,LMFAO,I Am Not A Whore,electronic,Eminem - 8 Mile,Rufio - Over It (Acoustic),Beastie Boys - B-Boy Bouillabaisse: A.W.O.L. (2009 Digital Remaster),Eminem - 8 Mile,Rufio - Over It (Acoustic),Mario Vazquez - Everytime I...,Phosphorescent - Not A Heel,Björk - Hunter,Room Eleven - Bitch,Phosphorescent - Not A Heel,Björk - Hunter,Room Eleven - Bitch
TRXACXM12903CEC365,SOEFTYS129F06C1DEB,ARPD2KK1187B9B8B98,Cascada,Fever,electronic,Daft Punk - Touch It / Technologic,Twista - I'm A Winner (Amended Album Version),Vanilla Ice - Ice Is Workin' It,Daft Punk - Touch It / Technologic,Twista - I'm A Winner (Amended Album Version),Vanilla Ice - Ice Is Workin' It,Devo - Whip It,The Plasmatics - Corruption,Uriah Heep - Save It,Devo - Whip It,Uriah Heep - Save It,Sarah Connor - French Kissing
TRWWVGC12903CB5C50,SOBSJQH12AB01876C3,AR6LZB61187B9AF431,Depeche Mode,Freestate,electronic,Marques Houston - Cancel (Album Version),Fatboy Slim - Acid 8000,Eminem - My Darling,Marques Houston - Cancel (Album Version),Fatboy Slim - Acid 8000,Stevie Wonder - All Day Sucker,Damn Yankees - Firefly (LP Version),Marques Houston - Cancel (Album Version),Animal Collective - Brother Sport,Damn Yankees - Firefly (LP Version),Marques Houston - Cancel (Album Version),Natalie Merchant - Saint Judas (LP Version)
TRYIJWH128F146948C,SOXZUAV12A6310F21A,AR6LZB61187B9AF431,Depeche Mode,Personal Jesus,electronic,Lauryn Hill - Interlude 5,Eminem - My Darling,Beastie Boys - B-Boy Bouillabaisse: A.W.O.L. (2009 Digital Remaster),Lauryn Hill - Interlude 5,Eminem - My Darling,Beastie Boys - B-Boy Bouillabaisse: A.W.O.L. (2009 Digital Remaster),Lollipop Lust Kill - Personal Jesus,Blackalicious - Just What Can Happen,Martin Jondo - Hold You,Lollipop Lust Kill - Personal Jesus,Blackalicious - Just What Can Happen,Martin Jondo - Hold You
TRDIAZY12903CB6532,SOWUJPS12AB018ACA8,ARAXU5Z1187B98FECD,Gorillaz,Broken,electronic,Lauryn Hill - Interlude 5,Beastie Boys - B-Boy Bouillabaisse: A.W.O.L. (2009 Digital Remaster),Twista - I'm A Winner (Amended Album Version),Lauryn Hill - Interlude 5,Twista - I'm A Winner (Amended Album Version),Beastie Boys - B-Boy Bouillabaisse: A.W.O.L. (2009 Digital Remaster),Erasure - The Circus,Sean Kingston - Magical,Bad Religion - Operation Rescue,Erasure - The Circus,Sean Kingston - Magical,Bad Religion - Operation Rescue
TRTUJAL128F423E18D,SOGNWLL12AF72AAA61,ARAXU5Z1187B98FECD,Gorillaz,Kids With Guns (Quiet Village Remix),electronic,Daft Punk - Touch It / Technologic,Vanilla Ice - Ice Is Workin' It,Charley Patton - Shake It And Break It,Daft Punk - Touch It / Technologic,Vanilla Ice - Ice Is Workin' It,Charley Patton - Shake It And Break It,Daft Punk - Touch It / Technologic,The Specials - Doesn't Make It Alright,Devo - Whip It,Daft Punk - Touch It / Technologic,The Specials - Doesn't Make It Alright,Devo - Whip It
TRBTXNE12903CB6528,SOCMRWF12AB018AC92,ARAXU5Z1187B98FECD,Gorillaz,Rhinestone Eyes,electronic,Lauryn Hill - Interlude 5,Beastie Boys - B-Boy Bouillabaisse: A.W.O.L. (2009 Digital Remaster),The Pharcyde - Otha Fish,Lauryn Hill - Interlude 5,Beastie Boys - B-Boy Bouillabaisse: A.W.O.L. (2009 Digital Remaster),The Pharcyde - Otha Fish,Kottonmouth Kings - Bump,A Tribe Called Quest - Peace_ Prosperity & Paper,Above The Law - Flow On (Move Me No Mountain),A Tribe Called Quest - Peace_ Prosperity & Paper,Kottonmouth Kings - Bump,Above The Law - Flow On (Move Me No Mountain)
TRKQRSQ128F92D5134,SOTTAJB12A8C142C18,AR4L4WQ1187FB51996,The Prodigy,Invaders Must Die,electronic,Fler - NDW 2005,ARRESTED DEVELOPMENT - Stand,UB40 - The Earth Dies Screaming,Fler - NDW 2005,ARRESTED DEVELOPMENT - Stand,UB40 - The Earth Dies Screaming,PeterLicht - Popkultur / Meide,Jungle Rot - Immersed In Pain,Mylène Farmer - We'll Never Die,PeterLicht - Popkultur / Meide,Jungle Rot - Immersed In Pain,Mylène Farmer - We'll Never Die
TRBFVAA128F423C356,SOCWAFA12A8AE48A78,AR4L4WQ1187FB51996,The Prodigy,Wake Up Call (Album Version),electronic,Lauryn Hill - Interlude 5,Twista - I'm A Winner (Amended Album Version),The Simpsons - Do The Bartman,Lauryn Hill - Interlude 5,Twista - I'm A Winner (Amended Album Version),The Simpsons - Do The Bartman,Marissa Nadler - Undertaker,Trisha Yearwood - Come Back When It Ain't Rainin',Black Box - Strike It Up,Marissa Nadler - Undertaker,Trisha Yearwood - Come Back When It Ain't Rainin',DJ Quik - Put It On Me
TRFSCLD12903CD213F,SOENGNL12AB018E1BD,AR4L4WQ1187FB51996,The Prodigy,We Gonna Rock,electronic,Apollo 440 - Stop The Rock,Bowling For Soup - Here We Go,Vanilla Ice - It's A Party,Apollo 440 - Stop The Rock,Bowling For Soup - Here We Go,Vanilla Ice - It's A Party,The B-52s - Rock Lobster (Live),Charlie Robison - Good Times,Ferlin Husky - Convoy,The B-52s - Rock Lobster (Live),Charlie Robison - Good Times,Ferlin Husky - Convoy
TRZTQEP128E0792526,SOYMEOT12A6701DE9A,ARK9TRQ1187B99C095,Nine Inch Nails,The Great Collapse,electronic,Lauryn Hill - Interlude 5,Vanilla Ice - Ice Is Workin' It,Daft Punk - Touch It / Technologic,Lauryn Hill - Interlude 5,Vanilla Ice - Ice Is Workin' It,Daft Punk - Touch It / Technologic,Dillinger Four - A Floater Left With Pleasure In The Executive Washroom.,Time Again - Day Like This,Agonoize - C.O.A.,Dillinger Four - A Floater Left With Pleasure In The Executive Washroom.,Time Again - Day Like This,Agonoize - C.O.A.
TRLTFVP128E0782B34,SOITPXC12A6310E0DA,AR9L6R11187B9AA3F2,Duran Duran,Electric Barbarella (Radio Edit),electronic,Lauryn Hill - Interlude 5,Twista - I'm A Winner (Amended Album Version),Beastie Boys - B-Boy Bouillabaisse: A.W.O.L. (2009 Digital Remaster),Lauryn Hill - Interlude 5,Twista - I'm A Winner (Amended Album Version),Beastie Boys - B-Boy Bouillabaisse: A.W.O.L. (2009 Digital Remaster),The Antlers - Epilogue,Marissa Nadler - Famous Blue Raincoat,Small Sins - She's The Source,The Antlers - Epilogue,Marissa Nadler - Famous Blue Raincoat,7L & Esoteric - Boxcutter Rap
TRFVWXW128F931A0E9,SOPERLI129F0824AA5,ARAOQ5T1187FB435AB,Björk,Pluto,electronic,Eminem - 8 Mile,Lauryn Hill - Interlude 5,Beastie Boys - B-Boy Bouillabaisse: A.W.O.L. (2009 Digital Remaster),Eminem - 8 Mile,Lauryn Hill - Interlude 5,Mario Vazquez - Everytime I...,Fear My Thoughts - Wasteland,Incubus - Pardon Me,Basia Bulat - Birds Of Paradise,Fear My Thoughts - Wasteland,Incubus - Pardon Me,Basia Bulat - Birds Of Paradise
TRKQQMW128F92D54DF,SOMXUUY12A8C141D38,ARD063K11C8A422ED7,Empire Of The Sun,Delta Bay,electronic,The Pharcyde - Otha Fish,Beastie Boys - B-Boy Bouillabaisse: A.W.O.L. (2009 Digital Remaster),Twista - I'm A Winner (Amended Album Version),The Pharcyde - Otha Fish,Twista - I'm A Winner (Amended Album Version),Beastie Boys - B-Boy Bouillabaisse: A.W.O.L. (2009 Digital Remaster),Memphis Minnie - Down In The Alley,Wu-Tang Clan - The What,Thursday - Unintended Long Term Effects,Memphis Minnie - Down In The Alley,Wu-Tang Clan - The What,Thursday - Unintended Long Term Effects
TRFYMPB128F93100C0,SOXKRRQ12AB017C0F2,ARD063K11C8A422ED7,Empire Of The Sun,We Are The People (Shazam Remix),electronic,Lauryn Hill - Interlude 5,Twista - I'm A Winner (Amended Album Version),Erykah Badu - I Want You,Lauryn Hill - Interlude 5,Twista - I'm A Winner (Amended Album Version),Erykah Badu - I Want You,Clawfinger - Revenge,Jay-Jay Johanson - Rush,The Corrs - Irresistible ( LP Version ),Clawfinger - Revenge,Jay-Jay Johanson - Rush,The Corrs - Irresistible ( LP Version )
TRBCSDW128F424D686,SOQWSGM12A6D4FC3C6,ARIRCA31187FB58E84,The Maine,You Left Me,electronic,Lauryn Hill - Interlude 5,Danity Kane - Hold Me Down (Album Version),Five - That's What You Told Me,Lauryn Hill - Interlude 5,Danity Kane - Hold Me Down (Album Version),Five - That's What You Told Me,Les Valentins - It's Too Late,The Isley Brothers - Touch Me,Hilary Duff - Play With Fire,Les Valentins - It's Too Late,The Isley Brothers - Touch Me,Hilary Duff - Play With Fire
TRRXQJA128F1472A56,SOYPJMP12AF72A901D,ARWA8AH1187FB3FC84,Hot Chip,The Warning,electronic,Twista - I'm A Winner (Amended Album Version),Lauryn Hill - Interlude 5,Beastie Boys - B-Boy Bouillabaisse: A.W.O.L. (2009 Digital Remaster),Twista - I'm A Winner (Amended Album Version),Lauryn Hill - Interlude 5,Beastie Boys - B-Boy Bouillabaisse: A.W.O.L. (2009 Digital Remaster),Annihilator - Hunter killer,Shai - Waiting For The Day,The Dells - It's All Up To You,Shai - Waiting For The Day,Annihilator - Hunter killer,The Dells - It's All Up To You
TRMDYBW128F14A17E8,SOODBDC12A8C13E4E9,ARTH03J1187FB3E00C,Enter Shikari,Keep It On Ice,electronic,Beastie Boys - B-Boy Bouillabaisse: A.W.O.L. (2009 Digital Remaster),Eminem - My Darling,Life Without Buildings - New Town,Beastie Boys - B-Boy Bouillabaisse: A.W.O.L. (2009 Digital Remaster),Fatboy Slim - Acid 8000,Life Without Buildings - New Town,At The Gates - Captor Of Sin (Slayer Cover),Kotipelto - Lord Of Eternity,Gorefest - Super Reality,At The Gates - Captor Of Sin (Slayer Cover),Kotipelto - Lord Of Eternity,Gorefest - Super Reality
TRCNUNL128F93437CF,SOYQNWH12AB0180C07,ARTH03J1187FB3E00C,Enter Shikari,The Jester,electronic,Lauryn Hill - Interlude 5,Beastie Boys - B-Boy Bouillabaisse: A.W.O.L. (2009 Digital Remaster),Twista - I'm A Winner (Amended Album Version),Lauryn Hill - Interlude 5,Beastie Boys - B-Boy Bouillabaisse: A.W.O.L. (2009 Digital Remaster),Twista - I'm A Winner (Amended Album Version),Lost Boyz - Keep It Real,Murs - You & I,Above The Law - Flow On (Move Me No Mountain),Lost Boyz - Keep It Real,Above The Law - Flow On (Move Me No Mountain),Murs - You & I
TRIPJIJ128F1453AE0,SORSPQO12A6D4F782F,AREACYD1187FB566DE,Enya,Lazy Days,electronic,Lauryn Hill - Interlude 5,Vanilla Ice - Ice Is Workin' It,Daft Punk - Touch It / Technologic,Lauryn Hill - Interlude 5,Vanilla Ice - Ice Is Workin' It,Daft Punk - Touch It / Technologic,Anjali - Mistress Of Disguise,Darden Smith - Swept Away,Earlimart - It's Okay To Think About Ending,Anjali - Mistress Of Disguise,Darden Smith - Swept Away,Earlimart - It's Okay To Think About Ending
TRPLRVY128F1473EBE,SOTCEXG12A6D4F60FE,AREACYD1187FB566DE,Enya,Someone Said Goodbye,electronic,Lauryn Hill - Interlude 5,Erykah Badu - I Want You,Twista - I'm A Winner (Amended Album Version),Lauryn Hill - Interlude 5,Erykah Badu - I Want You,Twista - I'm A Winner (Amended Album Version),Rosanne Cash - I Don't Know Why You Don't Want Me,Mr. Vegas - I Don't Know Why I Love You,Ten Years After - I Don't Know That You Don't Know My Name (2004 Digital Remaster),Rosanne Cash - I Don't Know Why You Don't Want Me,Mr. Vegas - I Don't Know Why I Love You,Jane Monheit - Why Can't You Behave?
TRWPUDX128F148F907,SODFLBN12A6D4F923A,AREACYD1187FB566DE,Enya,The Magic Of The Night,electronic,Lauryn Hill - Interlude 5,Twista - I'm A Winner (Amended Album Version),The Pharcyde - Otha Fish,Lauryn Hill - Interlude 5,The Pharcyde - Otha Fish,Twista - I'm A Winner (Amended Album Version),Lard - The Power Of Lard,Seelenkrank - Lost,Assemblage 23 - MAPS OF REALITY,Lard - The Power Of Lard,Seelenkrank - Lost,Assemblage 23 - MAPS OF REALITY
TRZQTSM128F9328120,SOZDITZ12A58A7B41A,AR91C8S1187B990901,Bruce Springsteen,Gave It A Name,folk,Lauryn Hill - Interlude 5,Vanilla Ice - Ice Is Workin' It,Beastie Boys - B-Boy Bouillabaisse: A.W.O.L. (2009 Digital Remaster),Lauryn Hill - Interlude 5,Vanilla Ice - Ice Is Workin' It,Daft Punk - Touch It / Technologic,Rasputina - Mr. E. Leon Rauis,Freezepop - Ninja Of Love (Album Version),Devo - Mongoloid,Rasputina - Mr. E. Leon Rauis,Freezepop - Ninja Of Love (Album Version),Binary Star - Wolfman Jack
TRNZCWJ128F427099F,SODXHZV12A8C1340B6,ARH861H1187B9B799E,Johnny Cash,The Vanishing Race,folk,Beastie Boys - B-Boy Bouillabaisse: A.W.O.L. (2009 Digital Remaster),Lauryn Hill - Interlude 5,Eminem - 8 Mile,Beastie Boys - B-Boy Bouillabaisse: A.W.O.L. (2009 Digital Remaster),Lauryn Hill - Interlude 5,Eminem - 8 Mile,Domine - The Ride Of The Valkyries,Helen Reddy - Peaceful,Art Garfunkel - The Sound of Silence,Domine - The Ride Of The Valkyries,Helen Reddy - Peaceful,Art Garfunkel - The Sound of Silence
TRJQRAP128F9314B3F,SOMSWGY12AB017F755,ARZENOX1187B98A645,John Mayer,All We Ever Do Is Say Goodbye,folk,Lauryn Hill - Interlude 5,Erykah Badu - I Want You,Twista - I'm A Winner (Amended Album Version),Lauryn Hill - Interlude 5,Erykah Badu - I Want You,R. Kelly - Don't You Say No,Kelly Price - Don't Say Goodbye,Lisa Stansfield - Goodbye,Morcheeba - Part Of The Process,Kelly Price - Don't Say Goodbye,Lisa Stansfield - Goodbye,Phantom Planet - See You Next Summer
TRETJUU128F426402A,SOYHOTV12A8C132B9B,ARZENOX1187B98A645,John Mayer,Clarity,folk,R. Kelly - I Mean (I Don't Mean It),Beastie Boys - B-Boy Bouillabaisse: A.W.O.L. (2009 Digital Remaster),Lauryn Hill - Interlude 5,R. Kelly - I Mean (I Don't Mean It),Beastie Boys - B-Boy Bouillabaisse: A.W.O.L. (2009 Digital Remaster),Lauryn Hill - Interlude 5,Cat Stevens - Rubylove,Gorky's Zygotic Mynci - Honeymoon With You,Teena Marie - Dear Lover,Cat Stevens - Rubylove,Gorky's Zygotic Mynci - Honeymoon With You,Teena Marie - Dear Lover
TRNOUUF128F4280B8D,SOHREDT12A8C13862F,ARZENOX1187B98A645,John Mayer,Why Georgia,folk,Eminem - 8 Mile,Beastie Boys - B-Boy Bouillabaisse: A.W.O.L. (2009 Digital Remaster),Rufio - Over It (Acoustic),Eminem - 8 Mile,Rufio - Over It (Acoustic),Beastie Boys - B-Boy Bouillabaisse: A.W.O.L. (2009 Digital Remaster),Eminem - 8 Mile,Eminem - Rabbit Run,Common - Book Of Life,Eminem - 8 Mile,Eminem - Rabbit Run,Common - Book Of Life
TREKVTY128E0784BA3,SOBHKVI12A6701F1C8,ARC8CQZ1187B98DECA,Jack Johnson,Mudfootball (For Moe Lerner),folk,Lauryn Hill - Interlude 5,Beastie Boys - B-Boy Bouillabaisse: A.W.O.L. (2009 Digital Remaster),Michael Jackson - Man In The Mirror,Lauryn Hill - Interlude 5,Beastie Boys - B-Boy Bouillabaisse: A.W.O.L. (2009 Digital Remaster),Michael Jackson - Man In The Mirror,Shane MacGowan And The Popes - More Pricks Than Kicks,Beast - Devil,Bouncing Souls - East Coast Fuck You,Beast - Devil,Shane MacGowan And The Popes - More Pricks Than Kicks,Big Moe - S.U.C.
TRYNAAP128F427EF64,SOCJTTL12A8C14009F,AR7OA5G1187B98D3A0,Sufjan Stevens,Sister Winter,folk,Lauryn Hill - Interlude 5,Beastie Boys - B-Boy Bouillabaisse: A.W.O.L. (2009 Digital Remaster),Twista - I'm A Winner (Amended Album Version),Lauryn Hill - Interlude 5,Beastie Boys - B-Boy Bouillabaisse: A.W.O.L. (2009 Digital Remaster),Twista - I'm A Winner (Amended Album Version),Bette Midler - Friends/Oh My My (LIve),Diary of Dreams - Tears of Laughter,Abba - Waterloo,Bette Midler - Friends/Oh My My (LIve),Diary of Dreams - Tears of Laughter,Abba - Waterloo
TRFMWVJ128E0791E70,SODZLMJ127D977E810,ARE0WH81187B9A7BA3,Rufus Wainwright,In A Graveyard,folk,Lauryn Hill - Interlude 5,Ja Rule - One of Us,Beastie Boys - B-Boy Bouillabaisse: A.W.O.L. (2009 Digital Remaster),Lauryn Hill - Interlude 5,Ja Rule - One of Us,Beastie Boys - B-Boy Bouillabaisse: A.W.O.L. (2009 Digital Remaster),Birth Control - Gamma Ray,Asphyx - Indulge In Frenzy,Naglfar - And The World Shall Be Your Grave,Birth Control - Gamma Ray,Asphyx - Indulge In Frenzy,Reverend Bizarre - Doom Over The World
TRLTTDC128E079380E,SOCTYHG12A679D7E2B,ARE0WH81187B9A7BA3,Rufus Wainwright,Baby,folk,Lauryn Hill - Interlude 5,Twista - I'm A Winner (Amended Album Version),Beastie Boys - B-Boy Bouillabaisse: A.W.O.L. (2009 Digital Remaster),Lauryn Hill - Interlude 5,Twista - I'm A Winner (Amended Album Version),Erykah Badu - I Want You,Less Than Jake - I Think I Love You,Next - I Still Love You,Mario Vazquez - Everytime I...,Less Than Jake - I Think I Love You,Next - I Still Love You,Mario Vazquez - Everytime I...
TRUCWXA128F92E4944,SOYGQGR12AF72ABAB8,ARQEBGJ122E6447D2B,Edward Sharpe & The Magnetic Zeros,Janglin,folk,Lauryn Hill - Interlude 5,Beastie Boys - B-Boy Bouillabaisse: A.W.O.L. (2009 Digital Remaster),Eminem - My Darling,Lauryn Hill - Interlude 5,The Prodigy - We Gonna Rock,Eminem - My Darling,Suicide Commando - Dead March,Dead Kennedys - Goons of Hazzard,Thompson Twins - We Are Detective,Dead Kennedys - Goons of Hazzard,Suicide Commando - Dead March,Thompson Twins - We Are Detective
TRGQBAX128F426EFCA,SOERZLJ12A8C132D53,AR5FP401187FB523C9,Bob Dylan,Ballad In Plain D,folk,Lauryn Hill - Interlude 5,Beastie Boys - B-Boy Bouillabaisse: A.W.O.L. (2009 Digital Remaster),Eminem - 8 Mile,Beastie Boys - B-Boy Bouillabaisse: A.W.O.L. (2009 Digital Remaster),Lauryn Hill - Interlude 5,Eminem - 8 Mile,Con Funk Shun - Electric Lady,Example - Birthday Card,Chicago - Caroline (Album Version),Con Funk Shun - Electric Lady,Example - Birthday Card,Chicago - Caroline (Album Version)
TRGSDTP128F92F76D1,SOHMZEX12A8C132F5F,AR5FP401187FB523C9,Bob Dylan,One Of Us Must Know (Sooner Or Later),folk,Lauryn Hill - Interlude 5,Twista - I'm A Winner (Amended Album Version),Erykah Badu - I Want You,Lauryn Hill - Interlude 5,Twista - I'm A Winner (Amended Album Version),Erykah Badu - I Want You,Angela Bofill - I Try,Leonard Cohen - Chelsea Hotel #2,Clawfinger - Revenge,Angela Bofill - I Try,Leonard Cohen - Chelsea Hotel #2,Clawfinger - Revenge
TRMRMTN128F92D426F,SOIZDJI12A8C1435C7,ARSF0K11187B9AF319,James Taylor,It's Growing,folk,Lauryn Hill - Interlude 5,Daft Punk - Touch It / Technologic,Vanilla Ice - Ice Is Workin' It,Lauryn Hill - Interlude 5,Daft Punk - Touch It / Technologic,Vanilla Ice - Ice Is Workin' It,Big Bad Voodoo Daddy - Big And Bad,16 Horsepower - Coal Black Horses,TLC - Shock Dat Monkey,Big Bad Voodoo Daddy - Big And Bad,16 Horsepower - Coal Black Horses,TLC - Shock Dat Monkey
TRDFPTZ128F14B108C,SOJKUOG12A6D4FD11D,ARSF0K11187B9AF319,James Taylor,Oh_ Susannah (LP Version),folk,Beastie Boys - B-Boy Bouillabaisse: A.W.O.L. (2009 Digital Remaster),Lauryn Hill - Interlude 5,Twista - I'm A Winner (Amended Album Version),Beastie Boys - B-Boy Bouillabaisse: A.W.O.L. (2009 Digital Remaster),Lauryn Hill - Interlude 5,Twista - I'm A Winner (Amended Album Version),Snoop Dogg - Snoopafella (Edited),King Tee - Act A Fool,Arc Angels - Shape I'm In,Snoop Dogg - Snoopafella (Edited),King Tee - Act A Fool,Beastie Boys - B-Boy Bouillabaisse: A.W.O.L. (2009 Digital Remaster)
TROZEMN128F4262CCA,SOHSTLE12A8C132425,ARSF0K11187B9AF319,James Taylor,Something In The Way She Moves,folk,Lauryn Hill - Interlude 5,Beastie Boys - B-Boy Bouillabaisse: A.W.O.L. (2009 Digital Remaster),Twiztid - She Ain't Afraid,Lauryn Hill - Interlude 5,Beastie Boys - B-Boy Bouillabaisse: A.W.O.L. (2009 Digital Remaster),Twiztid - She Ain't Afraid,Atmosphere - Hair,Obie Trice - Got Some Teeth,The Pharcyde - Passin' Me By,Atmosphere - Hair,Obie Trice - Got Some Teeth,The Pharcyde - Passin' Me By
TRGAZWQ12903CB0BA9,SOGJZZZ12AF72AA43B,ARYQES41187B9B960F,David Gray,Draw The Line,folk,Lauryn Hill - Interlude 5,Beastie Boys - B-Boy Bouillabaisse: A.W.O.L. (2009 Digital Remaster),Marques Houston - Cancel (Album Version),Lauryn Hill - Interlude 5,Beastie Boys - B-Boy Bouillabaisse: A.W.O.L. (2009 Digital Remaster),Marques Houston - Cancel (Album Version),Against All Authority - Stand In Line,Beck - Farewell Ride,Pat Green - California,Against All Authority - Stand In Line,Beck - Farewell Ride,Pat Green - California
TRSNACX128E078AA88,SOKYDGS12A6701E3CB,ARYQES41187B9B960F,David Gray,Sail Away,folk,Fatboy Slim - The Rockafeller Skank,Lauryn Hill - Interlude 5,Danity Kane - Hold Me Down (Album Version),Fatboy Slim - The Rockafeller Skank,Lauryn Hill - Interlude 5,Danity Kane - Hold Me Down (Album Version),OV7 - Angelica,Usher - Nice & Slow,The Quireboys - Misled,OV7 - Angelica,Usher - Nice & Slow,The Quireboys - Misled
TRXCQOC12903CB0BBA,SOEWUQY12AB0188156,ARYQES41187B9B960F,David Gray,Stella The Artist,folk,Lauryn Hill - Interlude 5,Beastie Boys - B-Boy Bouillabaisse: A.W.O.L. (2009 Digital Remaster),Twiztid - She Ain't Afraid,Lauryn Hill - Interlude 5,Beastie Boys - B-Boy Bouillabaisse: A.W.O.L. (2009 Digital Remaster),Twiztid - She Ain't Afraid,Bob Dylan - Ballad In Plain D,Biz Markie - Vapors,Karan Casey - Song Of Lies,Biz Markie - Vapors,Bob Dylan - Ballad In Plain D,Karan Casey - Song Of Lies
TRPGPVH128F429B2F0,SOGACYC12A8C13C528,ARZWK2R1187B98F09F,Rise Against,Swing Life Away (Acoustic),folk,Lauryn Hill - Interlude 5,Beastie Boys - B-Boy Bouillabaisse: A.W.O.L. (2009 Digital Remaster),Twista - I'm A Winner (Amended Album Version),Lauryn Hill - Interlude 5,Beastie Boys - B-Boy Bouillabaisse: A.W.O.L. (2009 Digital Remaster),Twista - I'm A Winner (Amended Album Version),Josh Turner - Soulmate,Tony Sly - On the Outside,Skankin' Pickle - Gas In My Car,Josh Turner - Soulmate,Tony Sly - On the Outside,Skankin' Pickle - Gas In My Car
TRHLRGU128F42643FB,SORGTNE12D02193408,AR5FP401187FB523C9,Bob Dylan,Billy 4,folk,Lauryn Hill - Interlude 5,Twista - I'm A Winner (Amended Album Version),Eminem - My Darling,Lauryn Hill - Interlude 5,Twista - I'm A Winner (Amended Album Version),Pain of Salvation - Spitfall,Pain of Salvation - Spitfall,Murs - The Dance,Warrant - Hollywood (So Far_ So Good),Pain of Salvation - Spitfall,Murs - The Dance,John Cale - Graham Greene
TRFCCKL128F426EE8E,SORACYK12D02193097,AR5FP401187FB523C9,Bob Dylan,Stuck Inside Of Mobile With The Memphis Blues Again,folk,Lauryn Hill - Interlude 5,Beastie Boys - B-Boy Bouillabaisse: A.W.O.L. (2009 Digital Remaster),Twista - I'm A Winner (Amended Album Version),Lauryn Hill - Interlude 5,Beastie Boys - B-Boy Bouillabaisse: A.W.O.L. (2009 Digital Remaster),Twista - I'm A Winner (Amended Album Version),Biz Markie - Vapors,Tonedeff - Ridiculous,The Arrogant Sons Of Bitches - Kill The President,Biz Markie - Vapors,Tonedeff - Ridiculous,Atmosphere - Hair
TRGOYOU128F93223F2,SOWILEH12CF5F8729B,AR5FP401187FB523C9,Bob Dylan,Pretty Peggy-O,folk,Lauryn Hill - Interlude 5,Beastie Boys - B-Boy Bouillabaisse: A.W.O.L. (2009 Digital Remaster),Eminem - My Darling,Lauryn Hill - Interlude 5,Marques Houston - Cancel (Album Version),Eminem - My Darling,Rasputina - Mr. E. Leon Rauis,Bad Religion - Automatic Man (Album Version),Bauhaus - The Sanity Assassin,Rasputina - Mr. E. Leon Rauis,Bad Religion - Automatic Man (Album Version),THERION - Darkness eve
TROMGSH128F427A408,SOBADWZ12CF5F86CD7,AR5FP401187FB523C9,Bob Dylan,She Belongs To Me,folk,Twiztid - She Ain't Afraid,UGK (Underground Kingz) - She Luv It,The Corrs - Queen Of Hollywood ( LP Version ),Twiztid - She Ain't Afraid,UGK (Underground Kingz) - She Luv It,The Corrs - Queen Of Hollywood ( LP Version ),Lionel Richie - She's Amazing,Janie Fricke - She's Single Again,DAN SEALS - Addicted,Lionel Richie - She's Amazing,Janie Fricke - She's Single Again,DAN SEALS - Addicted
TRFBWEC128F42B8346,SOFDFBL12CF5F89018,AR5FP401187FB523C9,Bob Dylan,When The Deal Goes Down,folk,Lauryn Hill - Interlude 5,Beastie Boys - B-Boy Bouillabaisse: A.W.O.L. (2009 Digital Remaster),Twista - I'm A Winner (Amended Album Version),Lauryn Hill - Interlude 5,Beastie Boys - B-Boy Bouillabaisse: A.W.O.L. (2009 Digital Remaster),Twista - I'm A Winner (Amended Album Version),Martin Jondo - Hold You,Hieroglyphics - Shift Shape,The Streets - The Irony Of It All (Album Version),Martin Jondo - Hold You,Hieroglyphics - Shift Shape,The Streets - The Irony Of It All (Album Version)
TRDVYVJ128F426F7C0,SOXYGEE12CF5F875CF,AR5FP401187FB523C9,Bob Dylan,With God On Our Side,folk,Lauryn Hill - Interlude 5,Beastie Boys - B-Boy Bouillabaisse: A.W.O.L. (2009 Digital Remaster),Vanilla Ice - Ice Is Workin' It,Lauryn Hill - Interlude 5,Beastie Boys - B-Boy Bouillabaisse: A.W.O.L. (2009 Digital Remaster),Vanilla Ice - Ice Is Workin' It,Lost Boyz - Keep It Real,Warren G - We Brings Heat,Mack 10 - LBC And The ING (Explicit),Lost Boyz - Keep It Real,Warren G - We Brings Heat,Mack 10 - LBC And The ING (Explicit)
TREKVGV128E0788976,SOSHHZB12A6701F0C5,ARN5NHX1187FB4F755,The Smashing Pumpkins,Terrapin,folk,Lauryn Hill - Interlude 5,Twista - I'm A Winner (Amended Album Version),Erykah Badu - I Want You,Lauryn Hill - Interlude 5,Twista - I'm A Winner (Amended Album Version),Erykah Badu - I Want You,Fat Joe - Preacher On A Sunday Morning,Ayo - Only You,Y&T - Beautiful Dreamer,Fat Joe - Preacher On A Sunday Morning,Ayo - Only You,Y&T - Beautiful Dreamer
TRUUBKE128F426F5C0,SONBFSZ12AF729E7A3,ARSF0K11187B9AF319,James Taylor,On The 4th of July,folk,Lauryn Hill - Interlude 5,Beastie Boys - B-Boy Bouillabaisse: A.W.O.L. (2009 Digital Remaster),Ja Rule - One of Us,Lauryn Hill - Interlude 5,Ja Rule - One of Us,Beastie Boys - B-Boy Bouillabaisse: A.W.O.L. (2009 Digital Remaster),Kurt Elling - Moonlight Serenade,Sebadoh - Showtape '91,Immortal Technique - The 4th Branch,Kurt Elling - Moonlight Serenade,Sebadoh - Showtape '91,Immortal Technique - The 4th Branch
TRJZYIT128F426D5BE,SONYMBG12CF5826721,ARSF0K11187B9AF319,James Taylor,Company Man,folk,Lauryn Hill - Interlude 5,Twista - I'm A Winner (Amended Album Version),Michael Jackson - Man In The Mirror,Lauryn Hill - Interlude 5,Twista - I'm A Winner (Amended Album Version),Michael Jackson - Man In The Mirror,Jeff Timmons - Can't You See,Ayo - Only You,HELLYEAH - Nausea,Jeff Timmons - Can't You See,HELLYEAH - Nausea,Ayo - Only You
TRYOIZM128F14567A0,SODRUMV12A6D4F7A58,ARTBSEF1187FB3CBDE,Jimmy Buffett,Ace,folk,Lauryn Hill - Interlude 5,Beastie Boys - B-Boy Bouillabaisse: A.W.O.L. (2009 Digital Remaster),Michael Jackson - Man In The Mirror,Lauryn Hill - Interlude 5,Beastie Boys - B-Boy Bouillabaisse: A.W.O.L. (2009 Digital Remaster),Michael Jackson - Man In The Mirror,Bellamy Brothers - Old Hippie,Suicidal Tendencies - Possessed To Skate,Binary Star - Wolfman Jack,Bellamy Brothers - Old Hippie,Binary Star - Wolfman Jack,Suicidal Tendencies - Possessed To Skate
TRQYFLB128E078941E,SOBRYFG12AF72A1BAE,ARGHBVV1187FB4D57A,Ryan Adams,How Do You Keep Love Alive,folk,Lauryn Hill - Interlude 5,Twista - I'm A Winner (Amended Album Version),Erykah Badu - I Want You,Twista - I'm A Winner (Amended Album Version),Lauryn Hill - Interlude 5,Erykah Badu - I Want You,The Smashing Pumpkins - The Guns of Love Disastrous,Jim White - Buzzards of Love,Jeff Timmons - Can't You See,The Smashing Pumpkins - The Guns of Love Disastrous,Jim White - Buzzards of Love,Slum Village - Conant Gardens
TRZUSDI128F4259806,SOXBQDJ12A6D4F93CC,ARGHBVV1187FB4D57A,Ryan Adams,When The Stars Go Blue,folk,Twista - I'm A Winner (Amended Album Version),Lauryn Hill - Interlude 5,Erykah Badu - I Want You,Twista - I'm A Winner (Amended Album Version),Lauryn Hill - Interlude 5,Erykah Badu - I Want You,Diana Ross - Do You Know Where You're Going To,Jennifer Lopez - Theme From Mahagony (Do You Know Where You're Going To),Bon Jovi - Superman Tonight,Diana Ross - Do You Know Where You're Going To,Jennifer Lopez - Theme From Mahagony (Do You Know Where You're Going To),Bon Jovi - Superman Tonight
TRWUFEW128F14782F3,SOBCLWO12A6D4F83AD,AR90WS41187FB3F064,Ray LaMontagne,Forever My Friend,folk,Lauryn Hill - Interlude 5,Beastie Boys - B-Boy Bouillabaisse: A.W.O.L. (2009 Digital Remaster),Eminem - 8 Mile,Lauryn Hill - Interlude 5,Eminem - 8 Mile,Beastie Boys - B-Boy Bouillabaisse: A.W.O.L. (2009 Digital Remaster),The Tear Garden - Judgement Hour,Demi Lovato - This Is Me (Acoustic Full Version),The Thermals - Time to Lose,The Tear Garden - Judgement Hour,Demi Lovato - This Is Me (Acoustic Full Version),Bowling For Soup - Boulevard
TRPZXTD128F14856D4,SOFZRDV12A6D4FACB1,AR90WS41187FB3F064,Ray LaMontagne,How Come [Acoustic Mix],folk,Lauryn Hill - Interlude 5,Beastie Boys - B-Boy Bouillabaisse: A.W.O.L. (2009 Digital Remaster),Eminem - 8 Mile,Lauryn Hill - Interlude 5,Beastie Boys - B-Boy Bouillabaisse: A.W.O.L. (2009 Digital Remaster),Eminem - 8 Mile,Nick Cave & The Bad Seeds - Midnight Man,Interpol - Pace Is The Trick,Beastie Boys - B-Boy Bouillabaisse: A.W.O.L. (2009 Digital Remaster),Nick Cave & The Bad Seeds - Midnight Man,Beastie Boys - B-Boy Bouillabaisse: A.W.O.L. (2009 Digital Remaster),Fugees (Tranzlator Crew) - Temple
TRIOKOC128F4267572,SOIOLFS12D021989DD,ARTQ8QP1187FB3D220,Leonard Cohen,Chelsea Hotel #2,folk,Lauryn Hill - Interlude 5,Twista - I'm A Winner (Amended Album Version),Erykah Badu - I Want You,Lauryn Hill - Interlude 5,Twista - I'm A Winner (Amended Album Version),Erykah Badu - I Want You,Harry Belafonte - Angelina,The Blues Brothers - Everybody Needs Somebody To Love,Bob Dylan - One Of Us Must Know (Sooner Or Later),Harry Belafonte - Angelina,The Blues Brothers - Everybody Needs Somebody To Love,Bob Dylan - One Of Us Must Know (Sooner Or Later)
TREBQMO128F42828DB,SOOHIHR12AF72A7053,ARIDDOM1187B9A1360,We Are Scientists,Lethal Enforcer (Live From Union Chapel_ London),folk,Lauryn Hill - Interlude 5,Twista - I'm A Winner (Amended Album Version),Beastie Boys - B-Boy Bouillabaisse: A.W.O.L. (2009 Digital Remaster),Lauryn Hill - Interlude 5,Twista - I'm A Winner (Amended Album Version),Vanilla Ice - Ice Is Workin' It,Blues Traveler - Hook,Greeley Estates - This Song Goes Out To (Album Version),Tristan Prettyman - War Out Of Peace,Blues Traveler - Hook,Murs - You & I,Tristan Prettyman - War Out Of Peace
TRIQKDQ128F146F504,SOVWOMM12A6D4F8484,ARCJKV91187FB46210,KT Tunstall,Change,folk,Lauryn Hill - Interlude 5,Erykah Badu - I Want You,Beastie Boys - B-Boy Bouillabaisse: A.W.O.L. (2009 Digital Remaster),Lauryn Hill - Interlude 5,Erykah Badu - I Want You,Beastie Boys - B-Boy Bouillabaisse: A.W.O.L. (2009 Digital Remaster),Bouncing Souls_ The - Pervert,Cherish - Oooh,Matt Nathanson - More Than This,Bouncing Souls_ The - Pervert,Cherish - Oooh,Matt Nathanson - More Than This
TRBFURI128F1455498,SOLMCFH12A58A7FACE,ARCJKV91187FB46210,KT Tunstall,Under The Weather,folk,Lauryn Hill - Interlude 5,Twista - I'm A Winner (Amended Album Version),Beastie Boys - B-Boy Bouillabaisse: A.W.O.L. (2009 Digital Remaster),Lauryn Hill - Interlude 5,Twista - I'm A Winner (Amended Album Version),Beastie Boys - B-Boy Bouillabaisse: A.W.O.L. (2009 Digital Remaster),Eagles Of Death Metal - Already Died,Soul Asylum - Stranger,Conway Twitty - Where I Stand,Eagles Of Death Metal - Already Died,Soul Asylum - Stranger,Conway Twitty - Where I Stand
TRVLECJ128E078235B,SOSJLXU12A6310F2B2,AR0L04E1187B9AE90C,The Verve,So Sister,folk,Beastie Boys - B-Boy Bouillabaisse: A.W.O.L. (2009 Digital Remaster),Lauryn Hill - Interlude 5,Erykah Badu - I Want You,Beastie Boys - B-Boy Bouillabaisse: A.W.O.L. (2009 Digital Remaster),Lauryn Hill - Interlude 5,Erykah Badu - I Want You,A Tribe Called Quest - Hot Sex,Cherish - Oooh,Less Than Jake - I Think I Love You,A Tribe Called Quest - Hot Sex,Cherish - Oooh,Less Than Jake - I Think I Love You
TRMLKKJ128E0798A59,SONNMHJ12A67AE098E,AR8886N1187B9B330A,Liz Phair,Lost Tonight,folk,Lauryn Hill - Interlude 5,Twista - I'm A Winner (Amended Album Version),Erykah Badu - I Want You,Lauryn Hill - Interlude 5,Twista - I'm A Winner (Amended Album Version),Erykah Badu - I Want You,Black Eyed Peas - Sexy,Lauryn Hill - Interlude 1,Eric B. & Rakim - I Know You Got Soul,Black Eyed Peas - Sexy,Lauryn Hill - Interlude 1,Eric B. & Rakim - I Know You Got Soul
TRYBZQD12903CD1380,SONJLBP12AB018A66C,AR9UC071187B9B76FD,The Pogues,Sunnyside Of The Street,folk,Beastie Boys - B-Boy Bouillabaisse: A.W.O.L. (2009 Digital Remaster),Eminem - 8 Mile,Lauryn Hill - Interlude 5,Beastie Boys - B-Boy Bouillabaisse: A.W.O.L. (2009 Digital Remaster),Eminem - 8 Mile,Lauryn Hill - Interlude 5,Charlotte Martin - In Parentheses,RODNEY CROWELL - Preachin' To The Choir,Common - Book Of Life,Charlotte Martin - In Parentheses,RODNEY CROWELL - Preachin' To The Choir,Josh Martinez - Tour is War
TRHYZQR128F428F5C5,SOAWESO12A8C13AC4E,ARRH63Y1187FB47783,Kanye West,Can't Tell Me Nothing,hip hop,Lauryn Hill - Interlude 5,Twista - I'm A Winner (Amended Album Version),Beastie Boys - B-Boy Bouillabaisse: A.W.O.L. (2009 Digital Remaster),Lauryn Hill - Interlude 5,Twista - I'm A Winner (Amended Album Version),Abba - Move On,Pat Travers - I La La La Love You,Puressence - India,Grand Puba - Very Special (LP Version),Puressence - India,Pat Travers - I La La La Love You,Grand Puba - Very Special (LP Version)
TRPQDHV128E07845CB,SOWZAHB12AF72A4B46,ARRH63Y1187FB47783,Kanye West,Graduation Day,hip hop,Lauryn Hill - Interlude 5,Twista - I'm A Winner (Amended Album Version),Erykah Badu - I Want You,Lauryn Hill - Interlude 5,Twista - I'm A Winner (Amended Album Version),Erykah Badu - I Want You,Immortal Technique - Crossing the Boundary,Clawfinger - Revenge,Harry Belafonte - Angelina,Immortal Technique - Crossing the Boundary,Clawfinger - Revenge,Harry Belafonte - Angelina
TRHAGFQ128F428B8EA,SOLBUFV12A67020A39,ARRH63Y1187FB47783,Kanye West,Wake Up Mr. West,hip hop,Lauryn Hill - Interlude 5,Twista - I'm A Winner (Amended Album Version),Erykah Badu - I Want You,Lauryn Hill - Interlude 5,Twista - I'm A Winner (Amended Album Version),Erykah Badu - I Want You,Todd Snider - Looking For A Job,Harry Belafonte - Angelina,Shannon McNally - Down And Dirty,Todd Snider - Looking For A Job,Harry Belafonte - Angelina,Obie Trice - Hoodrats
TRQXYGU128E079236A,SOIJTSI12A6701FD8B,ARTDQRC1187FB4EFD4,Black Eyed Peas,A8,hip hop,Lauryn Hill - Interlude 5,Twista - I'm A Winner (Amended Album Version),Erykah Badu - I Want You,Lauryn Hill - Interlude 5,Twista - I'm A Winner (Amended Album Version),Erykah Badu - I Want You,Jeff Timmons - Can't You See,The Blues Brothers - Everybody Needs Somebody To Love,The Berzerker - All About You,Jeff Timmons - Can't You See,The Blues Brothers - Everybody Needs Somebody To Love,The Berzerker - All About You
TRBUESY128F92F81F6,SOVVVXC12AB017F162,ARTDQRC1187FB4EFD4,Black Eyed Peas,Boom Boom Guetta,hip hop,Slick Rick - Let's Get Crazy,Twista - I'm A Winner (Amended Album Version),Calvin Harris - The Girls,Slick Rick - Let's Get Crazy,Calvin Harris - The Girls,Twista - I'm A Winner (Amended Album Version),Slick Rick - Let's Get Crazy,Esmée Denters - Getting Over You,The Rolling Stones - Fight (1994 Digital Remaster),Slick Rick - Let's Get Crazy,Esmée Denters - Getting Over You,The Rolling Stones - Fight (1994 Digital Remaster)
TRPDBLM128E0792367,SOZRPOY12A8C1455F5,ARTDQRC1187FB4EFD4,Black Eyed Peas,Communication,hip hop,Lauryn Hill - Interlude 5,Daft Punk - Touch It / Technologic,Vanilla Ice - Ice Is Workin' It,Lauryn Hill - Interlude 5,Daft Punk - Touch It / Technologic,Vanilla Ice - Ice Is Workin' It,Dilated Peoples - Live On Stage,Slum Village - Conant Gardens,Above The Law - Flow On (Move Me No Mountain),Dilated Peoples - Live On Stage,Slum Village - Conant Gardens,Above The Law - Flow On (Move Me No Mountain)
TRLINLH128F9346400,SOROKRP12AF729F9B4,ARTDQRC1187FB4EFD4,Black Eyed Peas,One Tribe,hip hop,Ja Rule - One of Us,Lauryn Hill - Interlude 5,Beastie Boys - B-Boy Bouillabaisse: A.W.O.L. (2009 Digital Remaster),Ja Rule - One of Us,Lauryn Hill - Interlude 5,Brand Nubian - All For One (Explicit) (2006 Remastered LP Version),Cutting Crew - One For The Mockingbird,Avail - N30,Bob Marley & The Wailers - One Love / People Get Ready,Cutting Crew - One For The Mockingbird,Avail - N30,Bob Marley & The Wailers - One Love / People Get Ready
TREPPUG128F9301FAB,SOBRREA12A6701C403,ARTDQRC1187FB4EFD4,Black Eyed Peas,Sexy,hip hop,Lauryn Hill - Interlude 5,Twista - I'm A Winner (Amended Album Version),Beastie Boys - B-Boy Bouillabaisse: A.W.O.L. (2009 Digital Remaster),Lauryn Hill - Interlude 5,Twista - I'm A Winner (Amended Album Version),Beastie Boys - B-Boy Bouillabaisse: A.W.O.L. (2009 Digital Remaster),Kat DeLuna - Run The Show,Natasha Bedingfield - Stumble,The Zutons - What's Your Problem,Kat DeLuna - Run The Show,Natasha Bedingfield - Stumble,Anastacia - Club Megamix
TRBBVNR128E078E1E4,SOCMYLF12A67020A4D,ARTDQRC1187FB4EFD4,Black Eyed Peas,Tell Your Momma Come,hip hop,Lauryn Hill - Interlude 5,Vanilla Ice - It's A Party,Marques Houston - Cancel (Album Version),Lauryn Hill - Interlude 5,Vanilla Ice - It's A Party,Marques Houston - Cancel (Album Version),Nick Cave & The Bad Seeds - Midnight Man,Misery Speaks - Sounds Of Brutality,Dungeon Family - Trans DF Express,Nick Cave & The Bad Seeds - Midnight Man,Misery Speaks - Sounds Of Brutality,Dungeon Family - Trans DF Express
TRTJVGX128E078EB1C,SOUNVLC12A6701C406,ARTDQRC1187FB4EFD4,Black Eyed Peas,The Apl Song,hip hop,Lauryn Hill - Interlude 5,Beastie Boys - B-Boy Bouillabaisse: A.W.O.L. (2009 Digital Remaster),Twista - I'm A Winner (Amended Album Version),Lauryn Hill - Interlude 5,Beastie Boys - B-Boy Bouillabaisse: A.W.O.L. (2009 Digital Remaster),Vanilla Ice - Ice Is Workin' It,Lost Boyz - Keep It Real,Souls Of Mischief - Fa Sho Fo Real,Dead Prez - Fucked Up,Lost Boyz - Keep It Real,Souls Of Mischief - Fa Sho Fo Real,Dead Prez - Fucked Up
TRDJOCY128F4294CD5,SOTHRKJ12A6701C2D8,ARRH63Y1187FB47783,Kanye West,Diamonds From Sierra Leone,hip hop,Lauryn Hill - Interlude 5,Beastie Boys - B-Boy Bouillabaisse: A.W.O.L. (2009 Digital Remaster),Twista - I'm A Winner (Amended Album Version),Lauryn Hill - Interlude 5,Beastie Boys - B-Boy Bouillabaisse: A.W.O.L. (2009 Digital Remaster),Twista - I'm A Winner (Amended Album Version),Onyx - Onyx Is Back,Archers Of Loaf - Web In Front,Chrisette Michele - All I Ever Think About,Onyx - Onyx Is Back,Archers Of Loaf - Web In Front,Chrisette Michele - All I Ever Think About
TREADOS128E078EC1F,SORAWSB12A6701FBC8,ARTH9041187FB43E1F,Eminem,If I Had,hip hop,Lauryn Hill - Interlude 5,Beastie Boys - B-Boy Bouillabaisse: A.W.O.L. (2009 Digital Remaster),Eminem - 8 Mile,Beastie Boys - B-Boy Bouillabaisse: A.W.O.L. (2009 Digital Remaster),Lauryn Hill - Interlude 5,Eminem - 8 Mile,Skip James - I'm So Glad,Clipse - Freedom,Swollen Members - Concerto,Skip James - I'm So Glad,Clipse - Freedom,Swollen Members - Concerto
TRHPAVK128E078EC9C,SOKJZZN12A6701C77A,ARTH9041187FB43E1F,Eminem,Ken Kaniff,hip hop,Lauryn Hill - Interlude 5,Beastie Boys - B-Boy Bouillabaisse: A.W.O.L. (2009 Digital Remaster),Eminem - 8 Mile,Lauryn Hill - Interlude 5,Beastie Boys - B-Boy Bouillabaisse: A.W.O.L. (2009 Digital Remaster),Eminem - 8 Mile,Madness - Cardiac Arrest,K'Naan - Voices In My Head,Organized Konfusion - Releasing Hypnotical Gases,Madness - Cardiac Arrest,Organized Konfusion - Releasing Hypnotical Gases,Saul Williams - Elohim (1972)
TRGLNKG128F9307689,SOFVLYU12AB017F502,ARTH9041187FB43E1F,Eminem,My Darling,hip hop,Lauryn Hill - Interlude 5,Twista - I'm A Winner (Amended Album Version),Beastie Boys - B-Boy Bouillabaisse: A.W.O.L. (2009 Digital Remaster),Lauryn Hill - Interlude 5,Twista - I'm A Winner (Amended Album Version),Beastie Boys - B-Boy Bouillabaisse: A.W.O.L. (2009 Digital Remaster),Kevin Devine - Fever Moon,Clawfinger - Revenge,The Inchtabokatables - Underdrive,Kevin Devine - Fever Moon,Clawfinger - Revenge,The Inchtabokatables - Underdrive
TRCHZXW128E079288A,SOMEJDK12D0219BB71,ARTH9041187FB43E1F,Eminem,8 Mile,hip hop,Beastie Boys - B-Boy Bouillabaisse: A.W.O.L. (2009 Digital Remaster),Lauryn Hill - Interlude 5,Twista - I'm A Winner (Amended Album Version),Beastie Boys - B-Boy Bouillabaisse: A.W.O.L. (2009 Digital Remaster),Lauryn Hill - Interlude 5,Mario Vazquez - Everytime I...,Common - Book Of Life,Eminem - Rabbit Run,Gang Starr - Gotta Get Over (Taking Loot) (Explicit),Common - Book Of Life,Eminem - Rabbit Run,Gang Starr - Gotta Get Over (Taking Loot) (Explicit)
TRCDLUM128F9331CA9,SOOOJWM12A8C13AC0E,ARPDVPJ1187B9ADBE9,Usher,Love Was Here,hip hop,Lauryn Hill - Interlude 5,Twista - I'm A Winner (Amended Album Version),Erykah Badu - I Want You,Lauryn Hill - Interlude 5,Twista - I'm A Winner (Amended Album Version),Erykah Badu - I Want You,The Jeff Healey Band - You're Coming Home,Marques Houston - Naked,Gotye - Coming Back,The Jeff Healey Band - You're Coming Home,Marques Houston - Naked,Gotye - Coming Back
TRPMNRL128F9302AD7,SOEVGOY12AB0181053,ARCGJ6U1187FB4D01F,Akon,Be With You,hip hop,Lauryn Hill - Interlude 5,Beastie Boys - B-Boy Bouillabaisse: A.W.O.L. (2009 Digital Remaster),Twista - I'm A Winner (Amended Album Version),Lauryn Hill - Interlude 5,Beastie Boys - B-Boy Bouillabaisse: A.W.O.L. (2009 Digital Remaster),Twista - I'm A Winner (Amended Album Version),Clawfinger - Revenge,Machinemade God - With You,Boyz II Men - Could It Be I'm Falling In Love,Clawfinger - Revenge,Machinemade God - With You,Boyz II Men - Could It Be I'm Falling In Love
TRRIRMX128F92E6272,SOILRPD12A6701E38C,ARCGJ6U1187FB4D01F,Akon,Locked Up,hip hop,Ice Cube - When I Get To Heaven (Remix) (Explicit),Danity Kane - Hold Me Down (Album Version),Beastie Boys - B-Boy Bouillabaisse: A.W.O.L. (2009 Digital Remaster),Ice Cube - When I Get To Heaven (Remix) (Explicit),Britney Spears - Let Me Be,Danity Kane - Hold Me Down (Album Version),Ice Cube - When I Get To Heaven (Remix) (Explicit),JET - Let Me Out,Tommy Castro - Nasty Habits,Ice Cube - When I Get To Heaven (Remix) (Explicit),JET - Let Me Out,Tommy Castro - Nasty Habits
TRCEYQJ128E07862DE,SOAUEBB12A67020DC4,ARLGIX31187B9AE9A0,Jay-Z,So Ghetto,hip hop,Lauryn Hill - Interlude 5,Beastie Boys - B-Boy Bouillabaisse: A.W.O.L. (2009 Digital Remaster),Eminem - 8 Mile,Lauryn Hill - Interlude 5,Beastie Boys - B-Boy Bouillabaisse: A.W.O.L. (2009 Digital Remaster),Eminem - 8 Mile,Amel Larrieux - lucky to be me,Sage Francis - Keep Moving,Ledisi - Best Friend,Amel Larrieux - lucky to be me,Sage Francis - Keep Moving,Ledisi - Best Friend
TRZGUNN128E07862F7,SOGFJJE12A58A80C35,ARLGIX31187B9AE9A0,Jay-Z,Heart Of The City (Ain't No Love),hip hop,Lauryn Hill - Interlude 5,Beastie Boys - B-Boy Bouillabaisse: A.W.O.L. (2009 Digital Remaster),Eminem - 8 Mile,Lauryn Hill - Interlude 5,Beastie Boys - B-Boy Bouillabaisse: A.W.O.L. (2009 Digital Remaster),Eminem - 8 Mile,Anastacia - Club Megamix,Ledisi - Best Friend,Lil Wyte - Ten Toes Tall,Anastacia - Club Megamix,Ledisi - Best Friend,Lil Wyte - Ten Toes Tall
TRTVTYS128E0792887,SORCZHK12A6701FFB0,ARTH9041187FB43E1F,Eminem,Rabbit Run,hip hop,Lauryn Hill - Interlude 5,Beastie Boys - B-Boy Bouillabaisse: A.W.O.L. (2009 Digital Remaster),Twista - I'm A Winner (Amended Album Version),Lauryn Hill - Interlude 5,Beastie Boys - B-Boy Bouillabaisse: A.W.O.L. (2009 Digital Remaster),Twista - I'm A Winner (Amended Album Version),Eminem - 8 Mile,Common - Book Of Life,RODNEY CROWELL - Preachin' To The Choir,Eminem - 8 Mile,Common - Book Of Life,RODNEY CROWELL - Preachin' To The Choir
TRBEBJO128C719646B,SORXHBR12AF72A5DA5,ARCBD0U1187FB466EF,Nelly,Splurge,hip hop,Lauryn Hill - Interlude 5,Beastie Boys - B-Boy Bouillabaisse: A.W.O.L. (2009 Digital Remaster),Twista - I'm A Winner (Amended Album Version),Lauryn Hill - Interlude 5,Twista - I'm A Winner (Amended Album Version),Beastie Boys - B-Boy Bouillabaisse: A.W.O.L. (2009 Digital Remaster),Remy Ma - I'm,Kool Moe Dee - Bad Mutha,Clawfinger - Revenge,Remy Ma - I'm,Kool Moe Dee - Bad Mutha,Clawfinger - Revenge
TRMWYIH128E078DCA6,SOMTUPP12A6701FC38,ARCBD0U1187FB466EF,Nelly,St. Louie,hip hop,Lauryn Hill - Interlude 5,Beastie Boys - B-Boy Bouillabaisse: A.W.O.L. (2009 Digital Remaster),Twista - I'm A Winner (Amended Album Version),Lauryn Hill - Interlude 5,Beastie Boys - B-Boy Bouillabaisse: A.W.O.L. (2009 Digital Remaster),Twista - I'm A Winner (Amended Album Version),Soulja Slim - From What I Was Told,DJ Quik - Safe + Sound,Blues Traveler - Run Around,Soulja Slim - From What I Was Told,DJ Quik - Safe + Sound,Blues Traveler - Run Around
TRHXTHR128F145E864,SOTUHWK12A6310D7E5,ARCBD0U1187FB466EF,Nelly,Wrap Sumden,hip hop,Lauryn Hill - Interlude 5,Beastie Boys - B-Boy Bouillabaisse: A.W.O.L. (2009 Digital Remaster),Eminem - 8 Mile,Lauryn Hill - Interlude 5,Beastie Boys - B-Boy Bouillabaisse: A.W.O.L. (2009 Digital Remaster),Nelly - Splurge,Remy Ma - I'm,Beastie Boys - B-Boy Bouillabaisse: A.W.O.L. (2009 Digital Remaster),Lil Wyte - Ten Toes Tall,Remy Ma - I'm,Beastie Boys - B-Boy Bouillabaisse: A.W.O.L. (2009 Digital Remaster),Lil Wyte - Ten Toes Tall
TRQRAKE128F9322866,SOJQLHA12AB017F7D4,ARLGIX31187B9AE9A0,Jay-Z,Soon You'll Understand,hip hop,Lauryn Hill - Interlude 5,Twista - I'm A Winner (Amended Album Version),Erykah Badu - I Want You,Lauryn Hill - Interlude 5,Twista - I'm A Winner (Amended Album Version),Erykah Badu - I Want You,Clawfinger - Revenge,Chely Wright - Between A Mother And A Child,Harry Belafonte - Angelina,Clawfinger - Revenge,Chely Wright - Between A Mother And A Child,Harry Belafonte - Angelina
TRCDAUA128E0784644,SOAZMZB12A6701D958,ARLGIX31187B9AE9A0,Jay-Z,Encore,hip hop,Lauryn Hill - Interlude 5,Twista - I'm A Winner (Amended Album Version),Erykah Badu - I Want You,Lauryn Hill - Interlude 5,Twista - I'm A Winner (Amended Album Version),Erykah Badu - I Want You,Good Old War - Tell Me (Acoustic),Natasha Bedingfield - Stumble,Beastie Boys - So What'Cha Want (Butt Naked Version) (Explicit) (2009 Digital Remaster),Good Old War - Tell Me (Acoustic),Beastie Boys - So What'Cha Want (Butt Naked Version) (Explicit) (2009 Digital Remaster),Natasha Bedingfield - Stumble
TRBCPZS128F145ECC1,SOOKDOU12D0219A1C0,ARCBD0U1187FB466EF,Nelly,Say Now,hip hop,Lauryn Hill - Interlude 5,Michael Jackson - Man In The Mirror,Fatboy Slim - The Rockafeller Skank,Lauryn Hill - Interlude 5,Michael Jackson - Man In The Mirror,Fatboy Slim - The Rockafeller Skank,Bruce Hornsby and the Range - The Red Plains,Blink-182 - Online Songs,Ini Kamoze - Here Comes The Hotstepper,Blink-182 - Online Songs,Bruce Hornsby and the Range - The Red Plains,Ini Kamoze - Here Comes The Hotstepper
TRWFVOW128E0793847,SOZDHYB12A679D7E52,ARZER7I1187FB385AF,Dr. Dre,Been There Done That,hip hop,Lauryn Hill - Interlude 5,Beastie Boys - B-Boy Bouillabaisse: A.W.O.L. (2009 Digital Remaster),Michael Jackson - Man In The Mirror,Lauryn Hill - Interlude 5,Beastie Boys - B-Boy Bouillabaisse: A.W.O.L. (2009 Digital Remaster),Michael Jackson - Man In The Mirror,Mobb Deep - Live Foul,Lost Boyz - Keep It Real,OutKast - Claimin' True,Mobb Deep - Live Foul,Lost Boyz - Keep It Real,Souls Of Mischief - Do You Want It?
TRWZWOX128F935A084,SOTYTWT12A58A7BBEE,AR9LJ9D1187FB4303D,Sean Kingston,Magical,hip hop,Lauryn Hill - Interlude 5,Stevie Wonder - All Day Sucker,Brick & Lace - Love Is Wicked,Lauryn Hill - Interlude 5,Stevie Wonder - All Day Sucker,Brick & Lace - Love Is Wicked,Ben E. King - Supernatural Thing Part 1,Ladyhawke - Love Don't Live Here,Aretha Franklin - A Deeper Love,Ben E. King - Supernatural Thing Part 1,Ladyhawke - Love Don't Live Here,Aretha Franklin - A Deeper Love
TRXGBGU128F935A092,SOGKYFP12AB0185ED3,AR9LJ9D1187FB4303D,Sean Kingston,Over,hip hop,Lauryn Hill - Interlude 5,Beastie Boys - B-Boy Bouillabaisse: A.W.O.L. (2009 Digital Remaster),Twista - I'm A Winner (Amended Album Version),Lauryn Hill - Interlude 5,Beastie Boys - B-Boy Bouillabaisse: A.W.O.L. (2009 Digital Remaster),Twista - I'm A Winner (Amended Album Version),Marilyn Monroe - Do It Again,Albert Hammond Jr. - Bright Young Thing,Wall Of Voodoo - Do It Again,Marilyn Monroe - Do It Again,Albert Hammond Jr. - Bright Young Thing,Marques Houston - Naked
TRFKPZK128F935A08D,SOJHMSM12AB0185233,AR9LJ9D1187FB4303D,Sean Kingston,Wrap U Around Me,hip hop,Danity Kane - Hold Me Down (Album Version),Five - That's What You Told Me,Lauryn Hill - Interlude 5,Danity Kane - Hold Me Down (Album Version),Five - That's What You Told Me,Lauryn Hill - Interlude 5,Diana Krall - Peel Me A Grape,Jill Scott - He Loves Me (Lyzel In E Flat),Jeff Buckley - Be Your Husband,Diana Krall - Peel Me A Grape,Jill Scott - He Loves Me (Lyzel In E Flat),Jeff Buckley - Be Your Husband
TRWVTDX128F931ECEF,SOUOEMP12A8C13866E,ARDDMYP1187B9B8AE4,M.I.A.,Paper Planes,hip hop,Lauryn Hill - Interlude 5,Beastie Boys - B-Boy Bouillabaisse: A.W.O.L. (2009 Digital Remaster),Twista - I'm A Winner (Amended Album Version),Lauryn Hill - Interlude 5,Beastie Boys - B-Boy Bouillabaisse: A.W.O.L. (2009 Digital Remaster),Nelly - Splurge,Brand Nubian - All For One (Explicit) (2006 Remastered LP Version),Remy Ma - I'm,The Clash - I Fought The Law,Brand Nubian - All For One (Explicit) (2006 Remastered LP Version),Remy Ma - I'm,Big L - Lifestylez Ov Da Poor & Dangerous
TRWTZGX128F149535F,SOQFNGB12A6D4FA61E,AR9RYZP1187FB36C6A,Thousand Foot Krutch,Set It Off,hip hop,Lauryn Hill - Interlude 5,Beastie Boys - B-Boy Bouillabaisse: A.W.O.L. (2009 Digital Remaster),Daft Punk - Touch It / Technologic,Lauryn Hill - Interlude 5,Daft Punk - Touch It / Technologic,Beastie Boys - B-Boy Bouillabaisse: A.W.O.L. (2009 Digital Remaster),John Legend - Out Of Sight,Smif-n-Wessun - LET's GIT IT ON,Shannon McNally - Miracle Mile,John Legend - Out Of Sight,Smif-n-Wessun - LET's GIT IT ON,Organized Konfusion - Confrontations
TRCACEF128F42434D7,SOEFLLL12AF72A15EA,AR7NPRY1187B9ADE15,Ludacris,Ho,hip hop,Lauryn Hill - Interlude 5,Big Bad Voodoo Daddy - Mambo Swing,Beastie Boys - B-Boy Bouillabaisse: A.W.O.L. (2009 Digital Remaster),Lauryn Hill - Interlude 5,Big Bad Voodoo Daddy - Mambo Swing,Twista - I'm A Winner (Amended Album Version),Big Bad Voodoo Daddy - Mambo Swing,Gene Autry - Up On The House Top,Nina Hagen - Live On Mars,Big Bad Voodoo Daddy - Mambo Swing,Gene Autry - Up On The House Top,Nina Hagen - Live On Mars
TRCQNWN128F92EA07D,SOEARQO12AB017F7F0,ARVTAI41187B9B8B67,Wu-Tang Clan,The What,hip hop,Lauryn Hill - Interlude 5,Twista - I'm A Winner (Amended Album Version),Beastie Boys - B-Boy Bouillabaisse: A.W.O.L. (2009 Digital Remaster),Lauryn Hill - Interlude 5,Twista - I'm A Winner (Amended Album Version),Beastie Boys - B-Boy Bouillabaisse: A.W.O.L. (2009 Digital Remaster),Immortal Technique - That's What It Is,Aesop Rock - Mars Attacks,Cam'Ron - Bubble Music,Aesop Rock - Mars Attacks,Immortal Technique - That's What It Is,Cam'Ron - Bubble Music
TRYHHXT128F4276F89,SOKMCHV12D02194FF6,AR23C041187FB4D534,50 Cent,Rowdy Rowdy,hip hop,Lauryn Hill - Interlude 5,Beastie Boys - B-Boy Bouillabaisse: A.W.O.L. (2009 Digital Remaster),Twista - I'm A Winner (Amended Album Version),Lauryn Hill - Interlude 5,Beastie Boys - B-Boy Bouillabaisse: A.W.O.L. (2009 Digital Remaster),Twista - I'm A Winner (Amended Album Version),Wu-Tang Clan - Da Mystery Of Chessboxin',Company Flow - The Fire In Which You Burn (feat. J-Treds & The Brewin From The Juggaknots),Def Squad - You Do_ I Do,Wu-Tang Clan - Da Mystery Of Chessboxin',Company Flow - The Fire In Which You Burn (feat. J-Treds & The Brewin From The Juggaknots),Def Squad - You Do_ I Do
TRIGDUK128E0784045,SOFXFJC12A6310E2F1,ARZ5H0P1187B98A1DD,Snoop Dogg,Bang Out,hip hop,Lauryn Hill - Interlude 5,Beastie Boys - B-Boy Bouillabaisse: A.W.O.L. (2009 Digital Remaster),Twista - I'm A Winner (Amended Album Version),Lauryn Hill - Interlude 5,Beastie Boys - B-Boy Bouillabaisse: A.W.O.L. (2009 Digital Remaster),Twista - I'm A Winner (Amended Album Version),Wu-Tang Clan - Uzi,Kool Keith - Clifton,Lil Wyte - Ten Toes Tall,Wu-Tang Clan - Uzi,Lil Wyte - Ten Toes Tall,Kool Keith - Clifton
TRNVKOI128E0799173,SOIYRHZ12A67AD8126,ARZ5H0P1187B98A1DD,Snoop Dogg,Snoopafella (Edited),hip hop,Lauryn Hill - Interlude 5,Beastie Boys - B-Boy Bouillabaisse: A.W.O.L. (2009 Digital Remaster),Twista - I'm A Winner (Amended Album Version),Lauryn Hill - Interlude 5,Beastie Boys - B-Boy Bouillabaisse: A.W.O.L. (2009 Digital Remaster),Twista - I'm A Winner (Amended Album Version),Us3 - Goodbye,King Tee - Act A Fool,Beastie Boys - B-Boy Bouillabaisse: A.W.O.L. (2009 Digital Remaster),Us3 - Goodbye,King Tee - Act A Fool,Beastie Boys - B-Boy Bouillabaisse: A.W.O.L. (2009 Digital Remaster)
TRLVRJP128F93519FB,SOOENST12AC9E1344B,ARZYMH91187B99CEFC,Atmosphere,Hair,hip hop,Lauryn Hill - Interlude 5,Beastie Boys - B-Boy Bouillabaisse: A.W.O.L. (2009 Digital Remaster),Twista - I'm A Winner (Amended Album Version),Lauryn Hill - Interlude 5,Beastie Boys - B-Boy Bouillabaisse: A.W.O.L. (2009 Digital Remaster),Twista - I'm A Winner (Amended Album Version),Eric B. & Rakim - What's On Your Mind,Beastie Boys - B-Boy Bouillabaisse: A.W.O.L. (2009 Digital Remaster),Example - Birthday Card,Eric B. & Rakim - What's On Your Mind,Beastie Boys - B-Boy Bouillabaisse: A.W.O.L. (2009 Digital Remaster),Example - Birthday Card
TRBZXAC12903CBB0CE,SOHAYPC12A6D4FB7A7,ARZYMH91187B99CEFC,Atmosphere,Happymess,hip hop,Lauryn Hill - Interlude 5,Beastie Boys - B-Boy Bouillabaisse: A.W.O.L. (2009 Digital Remaster),Twista - I'm A Winner (Amended Album Version),Lauryn Hill - Interlude 5,Beastie Boys - B-Boy Bouillabaisse: A.W.O.L. (2009 Digital Remaster),Twista - I'm A Winner (Amended Album Version),Murs - You & I,Kool Moe Dee - Bad Mutha,Remy Ma - I'm,Murs - You & I,Kool Moe Dee - Bad Mutha,King Tee - Guitar Playin'
TRUNSXQ128E078B97D,SOALPQQ12A6701F302,ARN0YZ71187B9BA57B,Michael Bublé,Put Your Head On My Shoulder (Album Version),jazz,Lauryn Hill - Interlude 5,Danity Kane - Hold Me Down (Album Version),Five - That's What You Told Me,Lauryn Hill - Interlude 5,Danity Kane - Hold Me Down (Album Version),Five - That's What You Told Me,Brownstone - Kiss And Tell,Wang Chung - Hypnotize Me,Sharon Jones & The Dap-Kings - Tell Me,Brownstone - Kiss And Tell,Wang Chung - Hypnotize Me,Sharon Jones & The Dap-Kings - Tell Me
TRFUJLG128F4255312,SOELKTY12A8C135CCC,ARN0YZ71187B9BA57B,Michael Bublé,Stuck In The Middle With You (Non-Album Track),jazz,Lauryn Hill - Interlude 5,Twista - I'm A Winner (Amended Album Version),Beastie Boys - B-Boy Bouillabaisse: A.W.O.L. (2009 Digital Remaster),Lauryn Hill - Interlude 5,Twista - I'm A Winner (Amended Album Version),Beastie Boys - B-Boy Bouillabaisse: A.W.O.L. (2009 Digital Remaster),Mac Lethal - Rotten Apple Pie,A Tribe Called Quest - Hot Sex,Remy Ma - I'm,Mac Lethal - Rotten Apple Pie,A Tribe Called Quest - Hot Sex,Remy Ma - I'm
TRQPMHA128E078B979,SOSHDEL12A6701F300,ARN0YZ71187B9BA57B,Michael Bublé,You'll Never Find Another Love Like Mine (Album Version),jazz,Lauryn Hill - Interlude 5,Twista - I'm A Winner (Amended Album Version),Eminem - My Darling,Lauryn Hill - Interlude 5,Twista - I'm A Winner (Amended Album Version),Eminem - My Darling,Brett Dennen - When She's Gone,Paul Anka - You Are My Destiny,Phyllis Hyman - Falling Star,Brett Dennen - When She's Gone,Phyllis Hyman - Falling Star,Paul Anka - You Are My Destiny
TRZPSAF128F9349767,SOLOQYJ12AB0188A53,AR20CFC1187B98A25D,Ray Charles,Kiss me baby,jazz,Danity Kane - Hold Me Down (Album Version),Lauryn Hill - Interlude 5,Five - That's What You Told Me,Danity Kane - Hold Me Down (Album Version),Five - That's What You Told Me,Lauryn Hill - Interlude 5,Aretha Franklin - All Night Long,Bo Diddley - I'm Looking For A Woman,Slim Harpo - Late Last Night,Aretha Franklin - All Night Long,Bo Diddley - I'm Looking For A Woman,Slim Harpo - Late Last Night
TRAEPAC12903CE5DC8,SOELRRQ12AB0188C34,AR20CFC1187B98A25D,Ray Charles,Let's Go,jazz,Lauryn Hill - Interlude 5,Twista - I'm A Winner (Amended Album Version),Danity Kane - Hold Me Down (Album Version),Lauryn Hill - Interlude 5,Twista - I'm A Winner (Amended Album Version),Danity Kane - Hold Me Down (Album Version),Hilary Duff - Play With Fire,Leon Jackson - You Don't Know Me,Harry Connick_ Jr. - You Don't Know Me,Hilary Duff - Play With Fire,Leon Jackson - You Don't Know Me,Harry Connick_ Jr. - You Don't Know Me
TRMJMVW12903CD44F4,SOZKIGX12D021902C2,AR20CFC1187B98A25D,Ray Charles,Moon Over Miami,jazz,Lauryn Hill - Interlude 5,Vanilla Ice - It's A Party,Beastie Boys - B-Boy Bouillabaisse: A.W.O.L. (2009 Digital Remaster),Lauryn Hill - Interlude 5,Vanilla Ice - It's A Party,The Prodigy - We Gonna Rock,Diana Krall - Charmed Life,Dragonforce - Heart of a Dragon,Chaka Khan - Lullaby Of Birdland,Diana Krall - Charmed Life,Dragonforce - Heart of a Dragon,Chaka Khan - Lullaby Of Birdland
TRBXTYM128F930793B,SOAAYTO12D021B0A4B,AREIN101187FB5A5FA,Nat King Cole,Hit That Jive Jack,jazz,Lauryn Hill - Interlude 5,Beastie Boys - B-Boy Bouillabaisse: A.W.O.L. (2009 Digital Remaster),Michael Jackson - Man In The Mirror,Lauryn Hill - Interlude 5,Beastie Boys - B-Boy Bouillabaisse: A.W.O.L. (2009 Digital Remaster),Twista - I'm A Winner (Amended Album Version),N-Dubz - Sex,Juvenile - Around The Way [Explicit Album Version],Onyx - The Worst,N-Dubz - Sex,Juvenile - Around The Way [Explicit Album Version],Onyx - The Worst
TRFORZM12903CDF88C,SODTNSX12D021979B9,AREIN101187FB5A5FA,Nat King Cole,The Christmas Song,jazz,Lauryn Hill - Interlude 5,Beastie Boys - B-Boy Bouillabaisse: A.W.O.L. (2009 Digital Remaster),Michael Jackson - Man In The Mirror,Lauryn Hill - Interlude 5,Beastie Boys - B-Boy Bouillabaisse: A.W.O.L. (2009 Digital Remaster),Michael Jackson - Man In The Mirror,Billy Gilman - The Christmas Song,Gang Starr - Just To Get A Rep,Matisyahu - Close My Eyes,Billy Gilman - The Christmas Song,Gang Starr - Just To Get A Rep,Matisyahu - Close My Eyes
TREMJFY12903CF1630,SOMTUNZ12D021B236A,AREIN101187FB5A5FA,Nat King Cole,Too Young,jazz,Lauryn Hill - Interlude 5,Beastie Boys - B-Boy Bouillabaisse: A.W.O.L. (2009 Digital Remaster),Binary Star - Indy 500,Lauryn Hill - Interlude 5,Beastie Boys - B-Boy Bouillabaisse: A.W.O.L. (2009 Digital Remaster),Binary Star - Indy 500,Dan Hartman - We Are The Young,Carole King - We Are All In This Together,Thought Riot - Save The Humans,Dan Hartman - We Are The Young,Carole King - We Are All In This Together,Thought Riot - Save The Humans
TRKBPHV128F92E3B2D,SOBHTSP12D021B0A27,AREIN101187FB5A5FA,Nat King Cole,Unforgettable,jazz,Lauryn Hill - Interlude 5,Michael Jackson - Man In The Mirror,The Pharcyde - Otha Fish,Lauryn Hill - Interlude 5,Michael Jackson - Man In The Mirror,The Pharcyde - Otha Fish,Dilated Peoples - Clockwork,Johnny Mathis - The Windmills Of Your Mind,Michael Bublé - That's All (Album Version),Dilated Peoples - Clockwork,Johnny Mathis - The Windmills Of Your Mind,Joe Nichols - Another Side Of You
TRHYGVQ12903D046A9,SOEPFCI12AC46877AA,AREIN101187FB5A5FA,Nat King Cole,Autumn Leaves,jazz,Lauryn Hill - Interlude 5,Beastie Boys - B-Boy Bouillabaisse: A.W.O.L. (2009 Digital Remaster),Twista - I'm A Winner (Amended Album Version),Lauryn Hill - Interlude 5,Beastie Boys - B-Boy Bouillabaisse: A.W.O.L. (2009 Digital Remaster),Eminem - My Darling,Dawn of Relic - The Awakening,Dusty Springfield - Meditation,Snog - Into The Light,Dawn of Relic - The Awakening,Dusty Springfield - Meditation,311 - Firewater
TRWIGSY128F92FE6B6,SOHZWJK12AB017DCF8,AREIN101187FB5A5FA,Nat King Cole,Love Is A Many Splendored Thing,jazz,Lauryn Hill - Interlude 5,Michael Jackson - Man In The Mirror,Beastie Boys - B-Boy Bouillabaisse: A.W.O.L. (2009 Digital Remaster),Lauryn Hill - Interlude 5,Michael Jackson - Man In The Mirror,Beastie Boys - B-Boy Bouillabaisse: A.W.O.L. (2009 Digital Remaster),Marvin Gaye - That's The Way Love Is,Bette Midler - The Rose,Giuliano Palma & The Bluebeaters - Somewhere In My Heart,Bette Midler - The Rose,Marvin Gaye - That's The Way Love Is,Giuliano Palma & The Bluebeaters - Somewhere In My Heart
TRHEGPE128F9311A85,SOHHACX12AB0181443,AREIN101187FB5A5FA,Nat King Cole,Smoke Gets in Your Eyes,jazz,Beastie Boys - B-Boy Bouillabaisse: A.W.O.L. (2009 Digital Remaster),Lauryn Hill - Interlude 5,Twista - I'm A Winner (Amended Album Version),Beastie Boys - B-Boy Bouillabaisse: A.W.O.L. (2009 Digital Remaster),Lauryn Hill - Interlude 5,Twista - I'm A Winner (Amended Album Version),Bryan Ferry - Smoke Gets In Your Eyes,Frenzal Rhomb - I Love Fucking Up,Patsy Cline - I Love You Honey,Bryan Ferry - Smoke Gets In Your Eyes,Frenzal Rhomb - I Love Fucking Up,Patsy Cline - I Love You Honey
TRWZCIQ12903C97881,SOKLXSK12A58A7C3DA,AREIN101187FB5A5FA,Nat King Cole,If You Can't Smile And Say Yes,jazz,Lauryn Hill - Interlude 5,R. Kelly - Don't You Say No,Beastie Boys - B-Boy Bouillabaisse: A.W.O.L. (2009 Digital Remaster),Lauryn Hill - Interlude 5,R. Kelly - Don't You Say No,Eminem - My Darling,R. Kelly - Don't You Say No,Kelly Price - Don't Say Goodbye,A Tribe Called Quest - Rap Promoter,R. Kelly - Don't You Say No,Kelly Price - Don't Say Goodbye,A Tribe Called Quest - Rap Promoter
TREENNZ128F145B67D,SOALXFE12A6D4F78B0,AREIN101187FB5A5FA,Nat King Cole,She's Funny That Way,jazz,Lauryn Hill - Interlude 5,Beastie Boys - B-Boy Bouillabaisse: A.W.O.L. (2009 Digital Remaster),Eminem - My Darling,Lauryn Hill - Interlude 5,Beastie Boys - B-Boy Bouillabaisse: A.W.O.L. (2009 Digital Remaster),Eminem - My Darling,Guy Clark - I Don't Love You Much Do I (2007 Remastered LP Version),Keyshia Cole - I Changed My Mind,Anastacia - Club Megamix,Guy Clark - I Don't Love You Much Do I (2007 Remastered LP Version),Keyshia Cole - I Changed My Mind,Anastacia - Club Megamix
TRVUYIL128F4275FAD,SOCKFLV12A8C133605,AREIN101187FB5A5FA,Nat King Cole,The Ruby And The Pearl (2003 Digital Remaster),jazz,Lauryn Hill - Interlude 5,Beastie Boys - B-Boy Bouillabaisse: A.W.O.L. (2009 Digital Remaster),Dilated Peoples - Expansion Team Theme,Lauryn Hill - Interlude 5,Dilated Peoples - Expansion Team Theme,Beastie Boys - B-Boy Bouillabaisse: A.W.O.L. (2009 Digital Remaster),Dilated Peoples - Expansion Team Theme,Patricia Barber - Phaeton,Snog - Into The Light,Dilated Peoples - Expansion Team Theme,Patricia Barber - Phaeton,Snog - Into The Light
TRHOXSK128F145C9F9,SOLCRAY12A6D4F6095,AREIN101187FB5A5FA,Nat King Cole,The Very Thought Of You,jazz,Lauryn Hill - Interlude 5,Twista - I'm A Winner (Amended Album Version),Beastie Boys - B-Boy Bouillabaisse: A.W.O.L. (2009 Digital Remaster),Lauryn Hill - Interlude 5,Twista - I'm A Winner (Amended Album Version),Life Without Buildings - New Town,Boyz II Men - Amazed,7L & Esoteric - Boxcutter Rap,Marissa Nadler - Famous Blue Raincoat,Boyz II Men - Amazed,7L & Esoteric - Boxcutter Rap,Marissa Nadler - Famous Blue Raincoat
TRETXLU12903CD5688,SOIMSGC12D02198A5A,ARRL2QH1187B9AC814,Bing Crosby,Rudolph The Red-Nosed Reindeer,jazz,Lauryn Hill - Interlude 5,Twista - I'm A Winner (Amended Album Version),Beastie Boys - B-Boy Bouillabaisse: A.W.O.L. (2009 Digital Remaster),Lauryn Hill - Interlude 5,Twista - I'm A Winner (Amended Album Version),Beastie Boys - B-Boy Bouillabaisse: A.W.O.L. (2009 Digital Remaster),Gene Autry - Rudolph The Red Nosed Reindeer,Classified - All About U,Sara Gazarek - Yours (Live),Gene Autry - Rudolph The Red Nosed Reindeer,Classified - All About U,Sara Gazarek - Yours (Live)
TRORBTM128F93368FB,SOBEALQ12AB017EC86,ARBJ22B1187B9AD31C,Norah Jones,December,jazz,Twista - I'm A Winner (Amended Album Version),Beastie Boys - B-Boy Bouillabaisse: A.W.O.L. (2009 Digital Remaster),Lauryn Hill - Interlude 5,Twista - I'm A Winner (Amended Album Version),Beastie Boys - B-Boy Bouillabaisse: A.W.O.L. (2009 Digital Remaster),Lauryn Hill - Interlude 5,Marilyn Monroe - When I Fall In Love,Descendents - When I Get Old,Tina Turner - All The Woman (Recorded Live In London '99),Marilyn Monroe - When I Fall In Love,Descendents - When I Get Old,Tina Turner - All The Woman (Recorded Live In London '99)
TRFCNIJ128F423F32E,SOTBYQW12A6D4FE74B,ARBJ22B1187B9AD31C,Norah Jones,Don't Know Why (Live),jazz,Beastie Boys - B-Boy Bouillabaisse: A.W.O.L. (2009 Digital Remaster),Lauryn Hill - Interlude 5,R. Kelly - I Mean (I Don't Mean It),Beastie Boys - B-Boy Bouillabaisse: A.W.O.L. (2009 Digital Remaster),R. Kelly - I Mean (I Don't Mean It),Mario Vazquez - Everytime I...,Mr. Vegas - I Don't Know Why I Love You,Millencolin - Random I Am (Album Version),Classified - Freezin In The Cold,Mr. Vegas - I Don't Know Why I Love You,Millencolin - Random I Am (Album Version),Classified - Freezin In The Cold
TRYNZAL128F1464B5A,SOPHSDC12B0B8081BB,ARBJ22B1187B9AD31C,Norah Jones,Humble Me,jazz,Lauryn Hill - Interlude 5,Twista - I'm A Winner (Amended Album Version),Danity Kane - Hold Me Down (Album Version),Lauryn Hill - Interlude 5,Twista - I'm A Winner (Amended Album Version),Danity Kane - Hold Me Down (Album Version),The Berzerker - All About You,Syleena Johnson - All Of Me,Midtown - Knew It All Along (Acoustic),The Berzerker - All About You,Syleena Johnson - All Of Me,Dance Hall Crashers - Othello
TRNGOHS128E0781235,SOOVFTG12AF72A4B85,ARBJ22B1187B9AD31C,Norah Jones,I've Got To See You Again,jazz,Lauryn Hill - Interlude 5,Twista - I'm A Winner (Amended Album Version),Beastie Boys - B-Boy Bouillabaisse: A.W.O.L. (2009 Digital Remaster),Lauryn Hill - Interlude 5,Twista - I'm A Winner (Amended Album Version),Erykah Badu - I Want You,Hope Of The States - Sadness On My Back,New Found Glory - I'll Never Love Again,Mario Vazquez - Everytime I...,Hope Of The States - Sadness On My Back,New Found Glory - I'll Never Love Again,Mario Vazquez - Everytime I...
TRPPHPQ128F4258FFC,SOOEHBK12A8AE479F1,ARBJ22B1187B9AD31C,Norah Jones,Sinkin' Soon (iTunes Live Session),jazz,Lauryn Hill - Interlude 5,The Prodigy - We Gonna Rock,Beastie Boys - B-Boy Bouillabaisse: A.W.O.L. (2009 Digital Remaster),The Prodigy - We Gonna Rock,Lauryn Hill - Interlude 5,Katy Perry - Hot N Cold (Innerpartysystem Main),The Misfits - Static Age,Charlie Robison - Good Times,Thompson Twins - We Are Detective,Charlie Robison - Good Times,The Misfits - Static Age,Thompson Twins - We Are Detective
TRSSOKM128F1464B5C,SOQJPKL12A6D4F7D49,ARBJ22B1187B9AD31C,Norah Jones,The Long Way Home,jazz,Lauryn Hill - Interlude 5,Twista - I'm A Winner (Amended Album Version),Beastie Boys - B-Boy Bouillabaisse: A.W.O.L. (2009 Digital Remaster),Lauryn Hill - Interlude 5,Twista - I'm A Winner (Amended Album Version),Erykah Badu - I Want You,Mario Vazquez - Everytime I...,Manafest - Runaway,Josh Groban - Broken Vow (Album Version),Manafest - Runaway,Mario Vazquez - Everytime I...,Jonny Lang - Breakin Me
TRKMCAV128E0782298,SOGMFQZ12A6310EF6C,ARBJ22B1187B9AD31C,Norah Jones,Those Sweet Words,jazz,Lauryn Hill - Interlude 5,Twista - I'm A Winner (Amended Album Version),Beastie Boys - B-Boy Bouillabaisse: A.W.O.L. (2009 Digital Remaster),Lauryn Hill - Interlude 5,Twista - I'm A Winner (Amended Album Version),Beastie Boys - B-Boy Bouillabaisse: A.W.O.L. (2009 Digital Remaster),Hello Saferide - Get Sick Soon,Slum Village - Call Me (Clean Version),Clawfinger - Revenge,Slum Village - Call Me (Clean Version),A Tribe Called Quest - Baby Phife's Return,Hello Saferide - Get Sick Soon
TRBQFLA128F423F329,SODUTPQ12A6D4FE737,ARBJ22B1187B9AD31C,Norah Jones,Wish I Could (Live),jazz,Lauryn Hill - Interlude 5,Beastie Boys - B-Boy Bouillabaisse: A.W.O.L. (2009 Digital Remaster),Twista - I'm A Winner (Amended Album Version),Lauryn Hill - Interlude 5,Beastie Boys - B-Boy Bouillabaisse: A.W.O.L. (2009 Digital Remaster),Twista - I'm A Winner (Amended Album Version),Sage Francis - Keep Moving,Berlin - Masquerade,illScarlett - Clearer Now,Sage Francis - Keep Moving,illScarlett - Clearer Now,Berlin - Masquerade
TRCLZPO128F427CD3A,SOMMQAC12CF5F86E67,ARBJ22B1187B9AD31C,Norah Jones,My Dear Country,jazz,Lauryn Hill - Interlude 5,Beastie Boys - B-Boy Bouillabaisse: A.W.O.L. (2009 Digital Remaster),Nelly - Splurge,Lauryn Hill - Interlude 5,Beastie Boys - B-Boy Bouillabaisse: A.W.O.L. (2009 Digital Remaster),Nelly - Splurge,Beastie Boys - B-Boy Bouillabaisse: A.W.O.L. (2009 Digital Remaster),The Cat Empire - The Car Song,Common - Book Of Life,Beastie Boys - B-Boy Bouillabaisse: A.W.O.L. (2009 Digital Remaster),The Cat Empire - The Car Song,Ice Cube - Dead Homiez
TRWAPCT128F1494611,SONBELN12AB0184D8F,ARIFGKC1187B9B04D5,Dean Martin,I Love The Way You Say Goodnight,jazz,Lauryn Hill - Interlude 5,Twista - I'm A Winner (Amended Album Version),Erykah Badu - I Want You,Twista - I'm A Winner (Amended Album Version),Lauryn Hill - Interlude 5,Erykah Badu - I Want You,OutKast - The Way You Move,Doyle Bramhall - Dimples,Marilyn Manson - Para-noir,OutKast - The Way You Move,Doyle Bramhall - Dimples,Marilyn Manson - Para-noir
TRNBZVW128F92EE688,SOANWBV12AB0184B24,ARIFGKC1187B9B04D5,Dean Martin,White Christmas,jazz,Beastie Boys - B-Boy Bouillabaisse: A.W.O.L. (2009 Digital Remaster),Eminem - 8 Mile,Twista - I'm A Winner (Amended Album Version),Beastie Boys - B-Boy Bouillabaisse: A.W.O.L. (2009 Digital Remaster),Eminem - 8 Mile,Twista - I'm A Winner (Amended Album Version),Jamie Scott & The Town - When Will I See Your Face Again,Mississippi Fred McDowell - When I Lay My Burden Down,Darkel - At The End Of The Sky,Jamie Scott & The Town - When Will I See Your Face Again,Darkel - At The End Of The Sky,Mississippi Fred McDowell - When I Lay My Burden Down
TRHZOEX128F93588AB,SOEXXLQ12A58A7A0CD,ARIFGKC1187B9B04D5,Dean Martin,Memories Are Made Of This,jazz,Ja Rule - One of Us,Lauryn Hill - Interlude 5,Black Eyed Peas - One Tribe,Ja Rule - One of Us,Lauryn Hill - Interlude 5,Black Eyed Peas - One Tribe,Dolly Parton - Highlight Of My Life,Kenny Loggins - Conviction Of The Heart,Amici Forever - Requiem for a Soldier (Band of Brothers),Dolly Parton - Highlight Of My Life,Kenny Loggins - Conviction Of The Heart,Amici Forever - Requiem for a Soldier (Band of Brothers)
TREOPOB128F427CD42,SOBWFAI12D021B3991,ARBJ22B1187B9AD31C,Norah Jones,Little Room,jazz,Lauryn Hill - Interlude 5,Beastie Boys - B-Boy Bouillabaisse: A.W.O.L. (2009 Digital Remaster),The Pharcyde - Otha Fish,Lauryn Hill - Interlude 5,Beastie Boys - B-Boy Bouillabaisse: A.W.O.L. (2009 Digital Remaster),The Pharcyde - Otha Fish,Above The Law - Flow On (Move Me No Mountain),David Houston - My Elusive Dreams,Dead Kennedys - Kinky Sex Makes the World Go 'Round,Above The Law - Flow On (Move Me No Mountain),Dead Kennedys - Kinky Sex Makes the World Go 'Round,David Houston - My Elusive Dreams
TRELLQK128F147AD94,SOPTTXR12A58A782BB,ARO7DTP1187B9A1D2B,The Puppini Sisters,Bei Mir Bist Du Schön,jazz,Lauryn Hill - Interlude 5,Twista - I'm A Winner (Amended Album Version),Eminem - My Darling,Lauryn Hill - Interlude 5,Twista - I'm A Winner (Amended Album Version),Eminem - My Darling,Good Old War - Tell Me (Acoustic),Josh Groban - When You Say You Love Me (Album Version),RyanDan - Like The Sun,Good Old War - Tell Me (Acoustic),Josh Groban - When You Say You Love Me (Album Version),RyanDan - Like The Sun
TRMOHUN128F424DEE6,SOCIAUG12A8C130F7F,ARO7DTP1187B9A1D2B,The Puppini Sisters,Don't Sit Under The Apple Tree,jazz,Danity Kane - Hold Me Down (Album Version),Lauryn Hill - Interlude 5,Nelly - Splurge,Danity Kane - Hold Me Down (Album Version),Nelly - Splurge,Lauryn Hill - Interlude 5,Jackson 5 - (You Were Made) Especially For Me,Confederate Railroad - I Don't Want To Hang Out With Me (LP Version),Republica - Don't You Ever,Jackson 5 - (You Were Made) Especially For Me,Confederate Railroad - I Don't Want To Hang Out With Me (LP Version),Republica - Don't You Ever
TRSPEPD128F147AD9A,SOCFSHN12A6D4F73B2,ARO7DTP1187B9A1D2B,The Puppini Sisters,Falling In Love Again,jazz,Lauryn Hill - Interlude 5,Twista - I'm A Winner (Amended Album Version),Beastie Boys - B-Boy Bouillabaisse: A.W.O.L. (2009 Digital Remaster),Lauryn Hill - Interlude 5,Twista - I'm A Winner (Amended Album Version),Beastie Boys - B-Boy Bouillabaisse: A.W.O.L. (2009 Digital Remaster),Danni Carlos - Falling In Love Again,Marilyn Monroe - When I Fall In Love,Bananarama - Lovebite,Danni Carlos - Falling In Love Again,Marilyn Monroe - When I Fall In Love,Bananarama - Lovebite
TRAQUUU128F147A689,SOEYNMS12A6D4F7BC8,ARO7DTP1187B9A1D2B,The Puppini Sisters,Heebie Jeebies,jazz,Lauryn Hill - Interlude 5,Beastie Boys - B-Boy Bouillabaisse: A.W.O.L. (2009 Digital Remaster),R. Kelly - I Mean (I Don't Mean It),Lauryn Hill - Interlude 5,Beastie Boys - B-Boy Bouillabaisse: A.W.O.L. (2009 Digital Remaster),Erykah Badu - I Want You,Martin Sexton - In the Journey,Linda Ronstadt - Lovesick Blues,G-Unit - I Don't Want To Talk About It,Martin Sexton - In the Journey,Linda Ronstadt - Lovesick Blues,G-Unit - I Don't Want To Talk About It
TREIANS128F147AD97,SOLJYMK12A6D4F73B0,ARO7DTP1187B9A1D2B,The Puppini Sisters,I Will Survive,jazz,Lauryn Hill - Interlude 5,Beastie Boys - B-Boy Bouillabaisse: A.W.O.L. (2009 Digital Remaster),Twista - I'm A Winner (Amended Album Version),Lauryn Hill - Interlude 5,Beastie Boys - B-Boy Bouillabaisse: A.W.O.L. (2009 Digital Remaster),Twista - I'm A Winner (Amended Album Version),Alexandra Burke - Overcome,Mario Vazquez - Everytime I...,Next - I Still Love You,Alexandra Burke - Overcome,Mario Vazquez - Everytime I...,Next - I Still Love You
TRPWTNZ128F147AD9F,SOOTOZG12A6D4F73B5,ARO7DTP1187B9A1D2B,The Puppini Sisters,In The Mood,jazz,Lauryn Hill - Interlude 5,Beastie Boys - B-Boy Bouillabaisse: A.W.O.L. (2009 Digital Remaster),Twista - I'm A Winner (Amended Album Version),Lauryn Hill - Interlude 5,Beastie Boys - B-Boy Bouillabaisse: A.W.O.L. (2009 Digital Remaster),Twista - I'm A Winner (Amended Album Version),The Pharcyde - Pack The Pipe,Sage Francis - Keep Moving,Johnny Cash - I Was There When It Happened,The Pharcyde - Pack The Pipe,Sage Francis - Keep Moving,Johnny Cash - I Was There When It Happened
TRNDNKN12903CC8A4C,SOQIBZY12AB018A208,ARIFGKC1187B9B04D5,Dean Martin,Kiss,jazz,Lauryn Hill - Interlude 5,Twista - I'm A Winner (Amended Album Version),Beastie Boys - B-Boy Bouillabaisse: A.W.O.L. (2009 Digital Remaster),Lauryn Hill - Interlude 5,Twista - I'm A Winner (Amended Album Version),Erykah Badu - I Want You,The Handful - Memorial Day,Hieroglyphics - You Never Knew,Boyz II Men - 4 Seasons Of Loneliness,Hieroglyphics - You Never Knew,The Handful - Memorial Day,Boyz II Men - 4 Seasons Of Loneliness
TRJALGV12903D0447E,SOOCHTW12AC468DF40,ARIFGKC1187B9B04D5,Dean Martin,Let Me Go Lover,jazz,Danity Kane - Hold Me Down (Album Version),Five - That's What You Told Me,Lauryn Hill - Interlude 5,Danity Kane - Hold Me Down (Album Version),Five - That's What You Told Me,Lauryn Hill - Interlude 5,Jessica Mauboy - Let Me Be Me,Diana Krall - Peel Me A Grape,Jill Scott - He Loves Me (Lyzel In E Flat),Jessica Mauboy - Let Me Be Me,Diana Krall - Peel Me A Grape,Jill Scott - He Loves Me (Lyzel In E Flat)
TRPQFJA128F145AC60,SOLLBAY12AF72A5F48,ARIFGKC1187B9B04D5,Dean Martin,On An Evening In Roma (Sott'er Celo De Roma),jazz,Lauryn Hill - Interlude 5,Beastie Boys - B-Boy Bouillabaisse: A.W.O.L. (2009 Digital Remaster),The Pharcyde - Otha Fish,Lauryn Hill - Interlude 5,Beastie Boys - B-Boy Bouillabaisse: A.W.O.L. (2009 Digital Remaster),The Pharcyde - Otha Fish,Blind Pilot - Paint or Pollen,Amici Forever - Vita Mia,Robbie Williams - Never Touch That Switch (Dark Horse Dub Mix),Blind Pilot - Paint or Pollen,Amici Forever - Vita Mia,Robbie Williams - Never Touch That Switch (Dark Horse Dub Mix)
TRHBSKB128E07924CB,SOOEYBB12D021B0EAA,ARDCFNZ1187FB3DDB0,Enrique Iglesias,No Puedo Mas Sin Ti (I'm Your Man),latin,Violadores del Verso - Dale tiempo al rumor,Gilberto Santa Rosa - Desde Que No Estas,Tego Calderon - Al Natural (Amended Version),Violadores del Verso - Dale tiempo al rumor,Gilberto Santa Rosa - Desde Que No Estas,Tego Calderon - Al Natural (Amended Version),Gilberto Santa Rosa - Desde Que No Estas,Beatriz Luengo - Precisamente Ahora,La 5A Estacion - Algo Mas,Gilberto Santa Rosa - Desde Que No Estas,Beatriz Luengo - Precisamente Ahora,La 5A Estacion - Algo Mas
TRBSLQC128F9333C5D,SOIOBWT12A8C14075B,AR6PJ8R1187FB5AD70,Shakira,En Tus Pupilas,latin,Violadores del Verso - Dale tiempo al rumor,Violadores del Verso - Cantando,Victor Manuelle - Lloré Lloré,Violadores del Verso - Dale tiempo al rumor,Violadores del Verso - Cantando,Victor Manuelle - Lloré Lloré,Ricardo Arjona - Amor de Tele,Juana Molina - Yo se que,Love Of Lesbian - El ectoplasta,Ricardo Arjona - Amor de Tele,Juana Molina - Yo se que,Love Of Lesbian - El ectoplasta
TRGJXTC128F4278ECC,SONTHAL12A8C135908,AR6PJ8R1187FB5AD70,Shakira,Que Me Quedes Tu,latin,Violadores del Verso - Dale tiempo al rumor,Violadores del Verso - Cantando,Tego Calderon - Al Natural (Amended Version),Violadores del Verso - Dale tiempo al rumor,Violadores del Verso - Cantando,Tego Calderon - Al Natural (Amended Version),El Gran Combo De Puerto Rico - No Hay Manera,Huey Dunbar - Amor De Siempre,Tito El Bambino - Grito Latino,El Gran Combo De Puerto Rico - No Hay Manera,Huey Dunbar - Amor De Siempre,Tito El Bambino - Grito Latino
TRQEQHH12903CA6CE5,SODBAHE12A8C132D34,AR6PJ8R1187FB5AD70,Shakira,Sombra De Ti,latin,Violadores del Verso - Dale tiempo al rumor,Los Van Van - El Negro Está Cocinando,Victor Manuelle - Lloré Lloré,Violadores del Verso - Dale tiempo al rumor,Los Van Van - El Negro Está Cocinando,Victor Manuelle - Lloré Lloré,La 5A Estacion - Ahora Que Te Vas,Beatriz Luengo - Precisamente Ahora,Juniper Moon - Cosas Que Nunca Te Dije,La 5A Estacion - Ahora Que Te Vas,Beatriz Luengo - Precisamente Ahora,Juniper Moon - Cosas Que Nunca Te Dije
TRXMTST12903CCD9E1,SOPVLJP12A8C1358F4,AR6PJ8R1187FB5AD70,Shakira,Te Dejo Madrid,latin,Violadores del Verso - Dale tiempo al rumor,Violadores del Verso - Cantando,Tryo - Yakamonéyé,Violadores del Verso - Dale tiempo al rumor,Violadores del Verso - Cantando,Fonky Family - Sans Rémission,Sanalejo - Mujer Calavera,Natalia Oreiro - Basta De Ti,Ana Gabriel - Miedo,Sanalejo - Mujer Calavera,Natalia Oreiro - Basta De Ti,Ana Gabriel - Miedo
TRAQEOP12903CA65E2,SONPFMD12AB017C1B3,AR6PJ8R1187FB5AD70,Shakira,Tú,latin,Violadores del Verso - Dale tiempo al rumor,Violadores del Verso - Cantando,Daddy Yankee - Como Y Vete,Violadores del Verso - Dale tiempo al rumor,Violadores del Verso - Cantando,Daddy Yankee - Como Y Vete,Carlos Vives - 19 De Noviembre,Jerry Rivera - Tierra Sin Sol,Camila - Entre Tus Alas,Carlos Vives - 19 De Noviembre,Jerry Rivera - Tierra Sin Sol,Camila - Entre Tus Alas
TRSRORJ128E0791C74,SOMBFMU12A670214E6,ARDCFNZ1187FB3DDB0,Enrique Iglesias,La Chica De Ayer,latin,Abba - Move On,Horace Andy - Horse With No Name,Violadores del Verso - Dale tiempo al rumor,Abba - Move On,Horace Andy - Horse With No Name,Violadores del Verso - Dale tiempo al rumor,Grupo Niche - Miserable,Illya Kuryaki And The Valderramas - Abarajame,Alejandra Guzman - Tu Eres Mi Luz,Grupo Niche - Miserable,Illya Kuryaki And The Valderramas - Abarajame,Alejandra Guzman - Tu Eres Mi Luz
TRYDDZE128F92F3B79,SOFBLLI12A58A7D19C,ARDCFNZ1187FB3DDB0,Enrique Iglesias,Adicto,latin,Violadores del Verso - Dale tiempo al rumor,Violadores del Verso - Cantando,Victor Manuelle - Lloré Lloré,Violadores del Verso - Dale tiempo al rumor,Violadores del Verso - Cantando,Victor Manuelle - Lloré Lloré,Aventura - Obsesion (English Remix_ Album Version),Niña Pastori - Cartita de amor,Ricardo Arjona - Animal Nocturno,Aventura - Obsesion (English Remix_ Album Version),Niña Pastori - Cartita de amor,Ricardo Arjona - Animal Nocturno
TREGBAS128F145EC8B,SOERVFF12A6D4F790F,ARDCFNZ1187FB3DDB0,Enrique Iglesias,Al Despertar,latin,Victor Manuelle - Lloré Lloré,Violadores del Verso - Dale tiempo al rumor,Violadores del Verso - Cantando,Victor Manuelle - Lloré Lloré,Violadores del Verso - Dale tiempo al rumor,Violadores del Verso - Cantando,Bebe - La Coqueta,Intocable - Te Extrano,Panteón Rococó - Buscándote,Bebe - La Coqueta,Intocable - Te Extrano,Panteón Rococó - Buscándote
TRXQFEE128F145EC9A,SOJXCPV12A6D4F791D,ARDCFNZ1187FB3DDB0,Enrique Iglesias,Alguien Como Tú,latin,Violadores del Verso - Dale tiempo al rumor,Violadores del Verso - Cantando,Victor Manuelle - Lloré Lloré,Violadores del Verso - Dale tiempo al rumor,Violadores del Verso - Cantando,Victor Manuelle - Lloré Lloré,Huey Dunbar - Amor De Siempre,Panteón Rococó - Buscándote,Camilo Sesto - No Sabes Cuanto Te Quiero,Huey Dunbar - Amor De Siempre,Panteón Rococó - Buscándote,Camilo Sesto - No Sabes Cuanto Te Quiero
TRZGBAF128F145ECA8,SOFAZCL12A58A79B38,ARDCFNZ1187FB3DDB0,Enrique Iglesias,Inalcanzable,latin,Violadores del Verso - Dale tiempo al rumor,Violadores del Verso - Cantando,Danity Kane - Hold Me Down (Album Version),Violadores del Verso - Dale tiempo al rumor,Violadores del Verso - Cantando,Alain Clark - Heerlijk,Café Quijano - Vete De Mi,Chavela Vargas - Tu Me Acostumbraste,Enrique Iglesias - Lloro Por Ti,Café Quijano - Vete De Mi,Chavela Vargas - Tu Me Acostumbraste,Enrique Iglesias - Lloro Por Ti
TRUQGGJ128F427E02B,SOOHKUS12A8C13AB12,ARDCFNZ1187FB3DDB0,Enrique Iglesias,Lloro Por Ti,latin,Violadores del Verso - Dale tiempo al rumor,Violadores del Verso - Cantando,Victor Manuelle - Lloré Lloré,Violadores del Verso - Dale tiempo al rumor,Violadores del Verso - Cantando,Victor Manuelle - Lloré Lloré,Café Quijano - Vete De Mi,Reik - Fui,Il Divo - Por Ti Seré (You Raise Me Up),Café Quijano - Vete De Mi,Reik - Fui,Il Divo - Por Ti Seré (You Raise Me Up)
TRDEKRZ128E0791C7A,SOCPKAV12A670214EC,ARDCFNZ1187FB3DDB0,Enrique Iglesias,Mamacita,latin,Violadores del Verso - Dale tiempo al rumor,Violadores del Verso - Cantando,Los Van Van - El Negro Está Cocinando,Violadores del Verso - Dale tiempo al rumor,Violadores del Verso - Cantando,Los Van Van - El Negro Está Cocinando,Fonseca - Sueño,Willie Colon - Guaracha,Cabas - La Quejosa,Fonseca - Sueño,Willie Colon - Guaracha,Cabas - La Quejosa
TRFFSMS128F428BC88,SOEMVNF12A8C13C53A,ARDCFNZ1187FB3DDB0,Enrique Iglesias,Miss You,latin,Lauryn Hill - Interlude 5,Twista - I'm A Winner (Amended Album Version),Erykah Badu - I Want You,Lauryn Hill - Interlude 5,Twista - I'm A Winner (Amended Album Version),Erykah Badu - I Want You,The Airborne Toxic Event - The Girls In Their Summer Dresses,Tracey Ullman - Breakaway,KeKe Wyatt - Never Do It Again,The Airborne Toxic Event - The Girls In Their Summer Dresses,Tracey Ullman - Breakaway,KeKe Wyatt - Never Do It Again
TRUPWID128F4215874,SOPTXAZ12AF729F789,ARDCFNZ1187FB3DDB0,Enrique Iglesias,Para De Jugar,latin,Violadores del Verso - Dale tiempo al rumor,Violadores del Verso - Cantando,Wisin & Yandel - Por Mi Reggae Muero,Violadores del Verso - Dale tiempo al rumor,Violadores del Verso - Cantando,Wisin & Yandel - Por Mi Reggae Muero,Los Calzones - Libre,Sanalejo - Mujer Calavera,Gipsy Kings - Madre Mia,Los Calzones - Libre,Sanalejo - Mujer Calavera,Gipsy Kings - Madre Mia
TRIIBVP128E0792750,SOWFIVV12A6701FFBF,ARDCFNZ1187FB3DDB0,Enrique Iglesias,She Be The One,latin,Lauryn Hill - Interlude 5,Twista - I'm A Winner (Amended Album Version),Michael Jackson - Man In The Mirror,Lauryn Hill - Interlude 5,Twista - I'm A Winner (Amended Album Version),Michael Jackson - Man In The Mirror,Billy Squier - She's A Runner (24-Bit Digitally Remastered 02),The Bluetones - Carnt Be Trusted,Robert Palmer - Too Good To Be True,Billy Squier - She's A Runner (24-Bit Digitally Remastered 02),The Bluetones - Carnt Be Trusted,Robert Palmer - Too Good To Be True
TRQMXBD128F145ECA2,SONBQQE12A6D4F7922,ARDCFNZ1187FB3DDB0,Enrique Iglesias,Trapecista,latin,Violadores del Verso - Dale tiempo al rumor,Violadores del Verso - Cantando,Daddy Yankee - Como Y Vete,Violadores del Verso - Dale tiempo al rumor,Violadores del Verso - Cantando,Daddy Yankee - Como Y Vete,Cabas - Guacamaya,El sueño de Morfeo - Sonrisa especial,Kudai - Volar,Cabas - Guacamaya,El sueño de Morfeo - Sonrisa especial,Kudai - Volar
TREGRRQ128F145EC8D,SOMRUDM12A6D4F7911,ARDCFNZ1187FB3DDB0,Enrique Iglesias,Tu Vacio,latin,Violadores del Verso - Dale tiempo al rumor,Violadores del Verso - Cantando,Victor Manuelle - Lloré Lloré,Violadores del Verso - Dale tiempo al rumor,Violadores del Verso - Cantando,Victor Manuelle - Lloré Lloré,Aventura - Todavía Me Amas,Los Van Van - Quien No Ha Dicho Una Mentira,Camilo Sesto - No Sabes Cuanto Te Quiero,Aventura - Todavía Me Amas,Los Van Van - Quien No Ha Dicho Una Mentira,Camilo Sesto - No Sabes Cuanto Te Quiero
TRLILBA128F42158A3,SOPPWVJ12A6D4F7915,ARDCFNZ1187FB3DDB0,Enrique Iglesias,Volveré,latin,Violadores del Verso - Dale tiempo al rumor,Victor Manuelle - Lloré Lloré,Tego Calderon - Al Natural (Amended Version),Violadores del Verso - Dale tiempo al rumor,Victor Manuelle - Lloré Lloré,Tego Calderon - Al Natural (Amended Version),Joe Veras - Intentalo tu,Raulin Rodriguez - ya No,Natalia Oreiro - Gitano Corazon,Joe Veras - Intentalo tu,Raulin Rodriguez - ya No,Natalia Oreiro - Gitano Corazon
TRBFJPO128F4295BE3,SOZOEJC12CF5CFAD99,AR6PJ8R1187FB5AD70,Shakira,Estoy Aquí,latin,Violadores del Verso - Dale tiempo al rumor,Johnny Prez - Te Vuelvo Loca,Tego Calderon - Al Natural (Amended Version),Violadores del Verso - Dale tiempo al rumor,Johnny Prez - Te Vuelvo Loca,Tego Calderon - Al Natural (Amended Version),Móveis Coloniais de Acaju - Receio do remorso,Ana Carolina - Rosas,Raimundos - Nêga Jurema,Móveis Coloniais de Acaju - Receio do remorso,Ana Carolina - Rosas,Raimundos - Nêga Jurema
TRCLERB12903CBBC8D,SODKNST12D02193AD7,ARB054P1187B9AD32E,Santana,Life Is Anew,latin,Lauryn Hill - Interlude 5,Twista - I'm A Winner (Amended Album Version),Beastie Boys - B-Boy Bouillabaisse: A.W.O.L. (2009 Digital Remaster),Lauryn Hill - Interlude 5,Twista - I'm A Winner (Amended Album Version),Beastie Boys - B-Boy Bouillabaisse: A.W.O.L. (2009 Digital Remaster),Tony Bennett - Because Of You,Assemblage 23 - MAPS OF REALITY,Dawn of Relic - The Awakening,Tony Bennett - Because Of You,Assemblage 23 - MAPS OF REALITY,Dawn of Relic - The Awakening
TRNXCMJ128F4295BC6,SOCYFSR12AB018C4AF,AR6PJ8R1187FB5AD70,Shakira,Donde Estas Corazon,latin,Violadores del Verso - Dale tiempo al rumor,Violadores del Verso - La ciudad nunca duerme,Rey Ruiz - No Existe Un Lugar,Violadores del Verso - Dale tiempo al rumor,Violadores del Verso - La ciudad nunca duerme,Rey Ruiz - No Existe Un Lugar,Rosana - Nadie mas que yo (directo Las Ventas),Todos Tus Muertos - No Mas Apartheid,Mecano - Cenando En Paris,Rosana - Nadie mas que yo (directo Las Ventas),Todos Tus Muertos - No Mas Apartheid,Mecano - Cenando En Paris
TRNXJGR128F93044E7,SOUGMXP12AB017C76C,AR6PJ8R1187FB5AD70,Shakira,Octavo Día,latin,Violadores del Verso - Dale tiempo al rumor,Violadores del Verso - Cantando,Victor Manuelle - Lloré Lloré,Violadores del Verso - Dale tiempo al rumor,Violadores del Verso - Cantando,Victor Manuelle - Lloré Lloré,Malu - Agua De Mayo,Malu - Y Sigo Preguntandome,Joan Manuel Serrat - Mediterraneo,Malu - Agua De Mayo,Malu - Y Sigo Preguntandome,Joan Manuel Serrat - Mediterraneo
TRJHDIB128F92E5849,SOVJQJJ12A8C1448E7,AR6PJ8R1187FB5AD70,Shakira,Te Necesito,latin,Violadores del Verso - Dale tiempo al rumor,Violadores del Verso - Cantando,Johnny Prez - Te Vuelvo Loca,Violadores del Verso - Dale tiempo al rumor,Violadores del Verso - Cantando,Johnny Prez - Te Vuelvo Loca,Aventura - Todavía Me Amas,Aventura - Obsesion (English Remix_ Album Version),Luz Casal - No Te Vayas,Aventura - Todavía Me Amas,Aventura - Obsesion (English Remix_ Album Version),Luz Casal - No Te Vayas
TRYQVKS128F4259A11,SOXVXZS12AF72ABF9F,ARB054P1187B9AD32E,Santana,Evil Ways,latin,Lauryn Hill - Interlude 5,Beastie Boys - B-Boy Bouillabaisse: A.W.O.L. (2009 Digital Remaster),Michael Jackson - Man In The Mirror,Lauryn Hill - Interlude 5,Beastie Boys - B-Boy Bouillabaisse: A.W.O.L. (2009 Digital Remaster),Michael Jackson - Man In The Mirror,Fat Joe - Preacher On A Sunday Morning,Amel Larrieux - Sweet Misery,The Monkees - I'll Spend My Life With You,Fat Joe - Preacher On A Sunday Morning,Atmosphere - Happymess,Westside Connection - Superstar (Double Murder = Double Platinum)
TRSOTQI128E0789132,SOURGXB12A6701F9E5,ARJW1SP1187FB4CA51,Pink Martini,Anna (el negro zumbon),latin,Lauryn Hill - Interlude 5,Danity Kane - Hold Me Down (Album Version),Beastie Boys - B-Boy Bouillabaisse: A.W.O.L. (2009 Digital Remaster),Lauryn Hill - Interlude 5,Danity Kane - Hold Me Down (Album Version),Five - That's What You Told Me,Inti Illimani - El Arado,Rosana - A fuego lento (directo Las Ventas),Thomas Dybdahl - U,Inti Illimani - El Arado,Rosana - A fuego lento (directo Las Ventas),Gloria Estefan - Nuevo Dia (New Day)
TRZHOUV128F9316269,SOIYPYO12AB017C8BE,ARJW1SP1187FB4CA51,Chavela Vargas,Piensa en mi,latin,Abba - Move On,Violadores del Verso - Dale tiempo al rumor,Horace Andy - Horse With No Name,Abba - Move On,Violadores del Verso - Dale tiempo al rumor,Horace Andy - Horse With No Name,Enrique Iglesias - La Chica De Ayer,Maelo Ruiz - Asi Eres Tu,Shakira - Tú,Enrique Iglesias - La Chica De Ayer,Maelo Ruiz - Asi Eres Tu,Shakira - Tú
TRPXMGA128F42A98BA,SOGHCII12D021B3225,ARB054P1187B9AD32E,Santana,Esperando,latin,Beastie Boys - B-Boy Bouillabaisse: A.W.O.L. (2009 Digital Remaster),The Roots - Mellow My Man,Nina Simone - My Baby Just Cares For Me,Nina Simone - My Baby Just Cares For Me,The Roots - Mellow My Man,Beastie Boys - B-Boy Bouillabaisse: A.W.O.L. (2009 Digital Remaster),Nina Simone - My Baby Just Cares For Me,Patty Griffin - Waiting For My Child,Doyle Bramhall - Cryin',Patty Griffin - Waiting For My Child,Nina Simone - My Baby Just Cares For Me,Doyle Bramhall - Cryin'
TRBYMWR128F425DD8E,SOMNTDT12A8AE47628,AR65K7A1187FB4DAA4,Beyoncé,Beautiful Liar (Bello Embustero),latin,Enrique Iglesias - Miss You,Violadores del Verso - Dale tiempo al rumor,Tracey Ullman - Breakaway,Enrique Iglesias - Miss You,Tracey Ullman - Breakaway,Violadores del Verso - Dale tiempo al rumor,Frank Reyes - Vine A Decirte Adios,Rey Ruiz - No Existe Un Lugar,Shakira - Años Luz,Frank Reyes - Vine A Decirte Adios,Rey Ruiz - No Existe Un Lugar,Shakira - Años Luz
TRPAZDJ128F42881A1,SOGAFMO12D02199AD2,ARYN2M61187B995BD6,Juanes,Rosario Tijeras,latin,Abba - Move On,Horace Andy - Horse With No Name,Violadores del Verso - Dale tiempo al rumor,Abba - Move On,Horace Andy - Horse With No Name,Violadores del Verso - Dale tiempo al rumor,Joan Manuel Serrat - La Aristocracia del Barrio,Tito El Bambino - Sol_ Playa Y Arena,Mercedes Sosa - El Cosechero,Joan Manuel Serrat - La Aristocracia del Barrio,Tito El Bambino - Sol_ Playa Y Arena,Mercedes Sosa - El Cosechero
TRHZGZO128F9341C4A,SOAUETF12D02199708,ARLUF1T1187FB3603B,Ricardo Arjona,Animal Nocturno,latin,Violadores del Verso - Dale tiempo al rumor,Violadores del Verso - Cantando,Violadores del Verso - La ciudad nunca duerme,Violadores del Verso - Dale tiempo al rumor,Violadores del Verso - Cantando,Los Van Van - El Negro Está Cocinando,Los Van Van - Quien No Ha Dicho Una Mentira,El Barrio - Don Manuel Sr. Molina,Juan Carlos Baglietto - Cuando,Los Van Van - Quien No Ha Dicho Una Mentira,El Barrio - Don Manuel Sr. Molina,Juan Carlos Baglietto - Cuando
TRDFNLR12903CB0FE4,SOFDJSB12AB0183B5B,ARGN0KR1187B991A99,Camila,Alejate De Mi,latin,Violadores del Verso - Dale tiempo al rumor,Victor Manuelle - Lloré Lloré,Los Van Van - El Negro Está Cocinando,Violadores del Verso - Dale tiempo al rumor,Victor Manuelle - Lloré Lloré,Los Van Van - El Negro Está Cocinando,Aventura - Obsesion (English Remix_ Album Version),Bebe - La Coqueta,Edurne - Aqui Se Termino (Never Forever),Aventura - Obsesion (English Remix_ Album Version),Bebe - La Coqueta,Edurne - Aqui Se Termino (Never Forever)
TROBWIG12903CB0FD7,SODWRNB12AB0183B3B,ARGN0KR1187B991A99,Camila,Entre Tus Alas,latin,Violadores del Verso - Dale tiempo al rumor,Violadores del Verso - Cantando,Victor Manuelle - Lloré Lloré,Violadores del Verso - Dale tiempo al rumor,Violadores del Verso - Cantando,Victor Manuelle - Lloré Lloré,Carlos Vives - 19 De Noviembre,Fanny Lu - Es Por Ti,Carlos Vives - Amor Latino,Carlos Vives - 19 De Noviembre,Fanny Lu - Es Por Ti,Carlos Vives - Amor Latino
TRDWUTF12903CA9249,SODRAIV12A8C1430AB,ARGN0KR1187B991A99,Camila,Me Basto,latin,Violadores del Verso - Dale tiempo al rumor,Violadores del Verso - Cantando,Daddy Yankee - Como Y Vete,Violadores del Verso - Dale tiempo al rumor,Violadores del Verso - Cantando,Daddy Yankee - Como Y Vete,Luz Casal - No Te Vayas,Intocable - Te Extrano,Enrique Iglesias - Al Despertar,Luz Casal - No Te Vayas,Intocable - Te Extrano,Enrique Iglesias - Al Despertar
TRCRNBS128F9347F55,SOTOLCQ12AF729AC84,ARGN0KR1187B991A99,Camila,Va Para Ti,latin,Enrique Iglesias - Miss You,Tracey Ullman - Breakaway,Los Van Van - El Negro Está Cocinando,Enrique Iglesias - Miss You,Tracey Ullman - Breakaway,Los Van Van - El Negro Está Cocinando,Moenia - Manto Estelar,Mecano - La Estación,Rey Ruiz - No Me Acostumbro,Moenia - Manto Estelar,Mecano - La Estación,Rey Ruiz - No Me Acostumbro
TRDYKYQ12903CAD2B8,SOCDZHG12A58A81315,AR81DGA1187B9A0A43,Reik,Fui,latin,Violadores del Verso - Dale tiempo al rumor,Violadores del Verso - Cantando,Violadores del Verso - La ciudad nunca duerme,Violadores del Verso - Dale tiempo al rumor,Violadores del Verso - Cantando,Violadores del Verso - La ciudad nunca duerme,Enrique Iglesias - Lloro Por Ti,Gilberto Santa Rosa - No Pense Enamorarme Otra Vez,Canteca de macao - La rabia,Enrique Iglesias - Lloro Por Ti,Gilberto Santa Rosa - No Pense Enamorarme Otra Vez,Canteca de macao - La rabia
TRAYQRI12903CAD2A1,SOFPPPB12AB018BB18,AR81DGA1187B9A0A43,Reik,Ilusionado,latin,Violadores del Verso - Dale tiempo al rumor,Los Van Van - El Negro Está Cocinando,Violadores del Verso - Cantando,Violadores del Verso - Dale tiempo al rumor,Los Van Van - El Negro Está Cocinando,Violadores del Verso - Cantando,Bebe - La Coqueta,Daddy Yankee - Todos Quieren A Raymond,Fonseca - Sueño,Bebe - La Coqueta,Daddy Yankee - Todos Quieren A Raymond,Fonseca - Sueño
TRGFMTT12903CAD2A2,SOIKGCB12AF72A11C6,AR81DGA1187B9A0A43,Reik,Piel De Ciudad,latin,Violadores del Verso - Cantando,Violadores del Verso - Dale tiempo al rumor,Victor Manuelle - Lloré Lloré,Violadores del Verso - Cantando,Victor Manuelle - Lloré Lloré,Violadores del Verso - Dale tiempo al rumor,Lynda - Voy A Seguir,Juanes - Tu Y Yo,Camila - Alejate De Mi,Lynda - Voy A Seguir,Juanes - Tu Y Yo,Camila - Alejate De Mi
TRJXNZL128F92E54EE,SOQUZCC12A8C140463,AR81DGA1187B9A0A43,Reik,Quedate,latin,Violadores del Verso - Dale tiempo al rumor,Los Van Van - El Negro Está Cocinando,Violadores del Verso - Cantando,Violadores del Verso - Dale tiempo al rumor,Los Van Van - El Negro Está Cocinando,Violadores del Verso - Cantando,Gilberto Santa Rosa - Ni Te Llamo Ni Te Busco,Aventura - Todavía Me Amas,Edurne - Aqui Se Termino (Never Forever),Gilberto Santa Rosa - Ni Te Llamo Ni Te Busco,Aventura - Todavía Me Amas,Edurne - Aqui Se Termino (Never Forever)
TRDOVAF128F93112F7,SOLRFDT12AB0183B0D,ARU3BQ91187FB5A3D6,Animal Collective,Brother Sport,latin,Lauryn Hill - Interlude 5,Michael Jackson - Man In The Mirror,Marques Houston - Cancel (Album Version),Lauryn Hill - Interlude 5,Marques Houston - Cancel (Album Version),Fatboy Slim - Acid 8000,Fergie - Get Your Hands Up,Ignite - In Moderation,Depeche Mode - Freestate,Fergie - Get Your Hands Up,Ignite - In Moderation,Depeche Mode - Freestate
TRVPMSA128F9331D03,SOJQZHG12AB0185EAB,ART5MUE1187B98C961,Metallica,The Prince,metal,Beastie Boys - B-Boy Bouillabaisse: A.W.O.L. (2009 Digital Remaster),Lauryn Hill - Interlude 5,Erykah Badu - I Want You,Beastie Boys - B-Boy Bouillabaisse: A.W.O.L. (2009 Digital Remaster),Erykah Badu - I Want You,Lauryn Hill - Interlude 5,Diana Krall - I've Grown Accustomed To His Face,Gil Scott-Heron - Me And The Devil,The Pietasters - Crime,Diana Krall - I've Grown Accustomed To His Face,Gil Scott-Heron - Me And The Devil,The Pietasters - Crime
TRPCZPE12903CAF5BD,SOAVPPJ12A8C13EFBC,ARC9CR51187FB51A13,Avenged Sevenfold,Second Heartbeat,metal,Lauryn Hill - Interlude 5,Beastie Boys - B-Boy Bouillabaisse: A.W.O.L. (2009 Digital Remaster),Twista - I'm A Winner (Amended Album Version),Lauryn Hill - Interlude 5,Twista - I'm A Winner (Amended Album Version),Beastie Boys - B-Boy Bouillabaisse: A.W.O.L. (2009 Digital Remaster),Rufio - Just a Memory,Leon Jackson - A Song For You,Musiq - Whereareyougoing,Rufio - Just a Memory,Leon Jackson - A Song For You,Musiq - Whereareyougoing
TRNUDHG12903CAF56B,SOLFXQT12A8C13E06C,ARC9CR51187FB51A13,Avenged Sevenfold,To End The Rapture,metal,Lauryn Hill - Interlude 5,Ja Rule - One of Us,Pain of Salvation - Spitfall,Lauryn Hill - Interlude 5,Pain of Salvation - Spitfall,Ja Rule - One of Us,Theatres Des Vampires - Throne Of Dark Immortals,Anacrusis - What You Became,Incantation - Apocalyptic Destroyer of Angels,Theatres Des Vampires - Throne Of Dark Immortals,Anacrusis - What You Became,Bad Religion - Chimaera (Album Version)
TRJAABI12903CF759F,SOKACRK12AC90759DA,ARJ94571187B98C352,blessthefall,Witness,metal,Lauryn Hill - Interlude 5,Twista - I'm A Winner (Amended Album Version),Eminem - My Darling,Lauryn Hill - Interlude 5,Twista - I'm A Winner (Amended Album Version),Eminem - My Darling,"Brand New Heavies_ The - You Are The Universe (Roger's Universal 7"" Edit)",Chiasm - Incision,Kevin Devine - It's Only Your Life,Chiasm - Incision,"Brand New Heavies_ The - You Are The Universe (Roger's Universal 7"" Edit)",Kevin Devine - It's Only Your Life
TRREMAP128F42983BD,SOWEDJU12D02198FF6,ARU6HMT1187FB38801,HIM,Heartache Every Moment,metal,Lauryn Hill - Interlude 5,Vanilla Ice - Ice Is Workin' It,Beastie Boys - B-Boy Bouillabaisse: A.W.O.L. (2009 Digital Remaster),Lauryn Hill - Interlude 5,Vanilla Ice - Ice Is Workin' It,Daft Punk - Touch It / Technologic,Final Fantasy - The Miner Becomes Forgetful,Reckless Kelly - Broken Heart,Classified - All About U,Final Fantasy - The Miner Becomes Forgetful,Classified - All About U,Reckless Kelly - Broken Heart
TRFRDZW128F429C337,SOAVNID12A8C13B197,ARU6HMT1187FB38801,HIM,Sigillum Diaboli,metal,Lauryn Hill - Interlude 5,Erykah Badu - I Want You,Beastie Boys - B-Boy Bouillabaisse: A.W.O.L. (2009 Digital Remaster),Lauryn Hill - Interlude 5,Erykah Badu - I Want You,Beastie Boys - B-Boy Bouillabaisse: A.W.O.L. (2009 Digital Remaster),Bouncing Souls_ The - Pervert,Joe Henry - Sold,Gang Starr - Gotta Get Over (Taking Loot) (Explicit),Bouncing Souls_ The - Pervert,Joe Henry - Sold,Gang Starr - Gotta Get Over (Taking Loot) (Explicit)
TRHVUCJ128F934B68C,SOPDMDM12A8C132ABD,ARWMY7E1187B9B7049,As I Lay Dying,Refined By Your Embrace,metal,Twista - I'm A Winner (Amended Album Version),Lauryn Hill - Interlude 5,Beastie Boys - B-Boy Bouillabaisse: A.W.O.L. (2009 Digital Remaster),Twista - I'm A Winner (Amended Album Version),Lauryn Hill - Interlude 5,Beastie Boys - B-Boy Bouillabaisse: A.W.O.L. (2009 Digital Remaster),Jay-Jay Johanson - I fantasize of you,Eminem - Rabbit Run,KATAKLYSM - Beyond Salvation,Jay-Jay Johanson - I fantasize of you,Eminem - Rabbit Run,KATAKLYSM - Beyond Salvation
TRIBZVH128F934B68D,SOWJVZY12A8C132AC2,ARWMY7E1187B9B7049,As I Lay Dying,The Innocence Spilled,metal,Lauryn Hill - Interlude 5,Beastie Boys - B-Boy Bouillabaisse: A.W.O.L. (2009 Digital Remaster),Eminem - My Darling,Lauryn Hill - Interlude 5,Beastie Boys - B-Boy Bouillabaisse: A.W.O.L. (2009 Digital Remaster),Eminem - My Darling,Dashboard Confessional - The End Of An Anchor,Robben Ford - Something For The Pain,Dominici - So Help Me God,Dashboard Confessional - The End Of An Anchor,Robben Ford - Something For The Pain,Onyx - Feel Me
TRZOLOQ128F428FA00,SOHEPVU12A8C13A03D,ARMGBBW1187FB4A7A0,August Burns Red,An American Dream,metal,Lauryn Hill - Interlude 5,Ja Rule - One of Us,The Pharcyde - Otha Fish,Lauryn Hill - Interlude 5,Ja Rule - One of Us,Jennifer Lopez - The Way It Is,Silje Nergaard - This Is Not America,Poisonblack - Bear The Cross,Against All Authority - Threat,Silje Nergaard - This Is Not America,Poisonblack - Bear The Cross,Against All Authority - Threat
TRFQWAQ128F14B084D,SOLXNXB12A6D4FBCDA,ARPFK3E1187B9A43BF,Underoath,The Changing Of Times,metal,Lauryn Hill - Interlude 5,Twista - I'm A Winner (Amended Album Version),Beastie Boys - B-Boy Bouillabaisse: A.W.O.L. (2009 Digital Remaster),Lauryn Hill - Interlude 5,Twista - I'm A Winner (Amended Album Version),Beastie Boys - B-Boy Bouillabaisse: A.W.O.L. (2009 Digital Remaster),Musiq - Whereareyougoing,Ginuwine - Only When ur Lonely,Hello Saferide - Get Sick Soon,Musiq - Whereareyougoing,Ginuwine - Only When ur Lonely,Hello Saferide - Get Sick Soon
TRLKWJA128F92E154E,SOFDWFR12A58A77D46,ARLHB6B1187B9B1B14,Haste The Day,Autumn,metal,Beastie Boys - B-Boy Bouillabaisse: A.W.O.L. (2009 Digital Remaster),Daft Punk - Touch It / Technologic,The Roots - Mellow My Man,Daft Punk - Touch It / Technologic,Slick Rick - Let's Get Crazy,Beastie Boys - B-Boy Bouillabaisse: A.W.O.L. (2009 Digital Remaster),Texta - Sprachbarrieren,Jupiter Jones - Auf das Leben,Samy Deluxe - Viel Mehr,Texta - Sprachbarrieren,Jupiter Jones - Auf das Leben,Samy Deluxe - Viel Mehr
TRNQSWR128EF34375F,SOWHMAY12A67ADD2E3,ARLHB6B1187B9B1B14,Haste The Day,Chorus Of Angels,metal,Ja Rule - One of Us,Lauryn Hill - Interlude 5,Röyksopp - Remind Me (Live),Röyksopp - Remind Me (Live),Fatboy Slim - Right Here Right Now,Ja Rule - One of Us,Ed Harcourt - Fireflies Take Flight,Röyksopp - Remind Me (Live),Vienna Teng - Now Three,Ed Harcourt - Fireflies Take Flight,Vienna Teng - Now Three,Röyksopp - Remind Me (Live)
TRGQLSE128F93257D8,SOUZNST12A58A7EF1D,ARQETJY1187FB3FE74,Demon Hunter,Follow The Wolves,metal,Ja Rule - One of Us,Eminem - If I Had,Lauryn Hill - Interlude 5,Ja Rule - One of Us,Eminem - If I Had,BAL-SAGOTH - The chronicle of shadows,Goatwhore - Vengeance of Demonic Fury,Sandy Denny - Full Moon,Akercocke - Son Of The Morning,Sandy Denny - Full Moon,Goatwhore - Vengeance of Demonic Fury,Akercocke - Son Of The Morning
TRCAWAA128F93257D1,SOCLOSW12AB0187E07,ARQETJY1187FB3FE74,Demon Hunter,I Am You,metal,Lauryn Hill - Interlude 5,Beastie Boys - B-Boy Bouillabaisse: A.W.O.L. (2009 Digital Remaster),Twista - I'm A Winner (Amended Album Version),Lauryn Hill - Interlude 5,Beastie Boys - B-Boy Bouillabaisse: A.W.O.L. (2009 Digital Remaster),Twista - I'm A Winner (Amended Album Version),Kingston Falls - The Weak Shall Prevail,For Today - Redemption,Seventh Day Slumber - Burning Bridges,Kingston Falls - The Weak Shall Prevail,For Today - Redemption,Seventh Day Slumber - Burning Bridges
TRWPRIF128EF34B8F8,SOXZKPU12AF72AAB3B,ARQETJY1187FB3FE74,Demon Hunter,The Science Of Lies,metal,Lauryn Hill - Interlude 5,Ja Rule - One of Us,Beastie Boys - B-Boy Bouillabaisse: A.W.O.L. (2009 Digital Remaster),Lauryn Hill - Interlude 5,Ja Rule - One of Us,Beastie Boys - B-Boy Bouillabaisse: A.W.O.L. (2009 Digital Remaster),Immortal Technique - The 4th Branch,Sebadoh - Showtape '91,Andrew Lloyd Webber - Masquerade,Immortal Technique - The 4th Branch,Sebadoh - Showtape '91,Andrew Lloyd Webber - Masquerade
TRKLLYD128F4273FF4,SOHRFIP12A8C12FFD1,AR8DTVF1187B9AA292,Ozzy Osbourne,Slow Down,metal,Lauryn Hill - Interlude 5,Twista - I'm A Winner (Amended Album Version),Eminem - My Darling,Lauryn Hill - Interlude 5,Twista - I'm A Winner (Amended Album Version),Eminem - My Darling,Field Music - You're Not Supposed To,Harry Belafonte - Angelina,The Plasmatics - You're A Zombie,Harry Belafonte - Angelina,The Plasmatics - You're A Zombie,Kevin Devine - It's Only Your Life
TRQJQNX128F4266704,SOEVNLW12A8C13401E,AR8DTVF1187B9AA292,Ozzy Osbourne,Steal Away (The Night),metal,Lauryn Hill - Interlude 5,Beastie Boys - B-Boy Bouillabaisse: A.W.O.L. (2009 Digital Remaster),Eminem - My Darling,Lauryn Hill - Interlude 5,Beastie Boys - B-Boy Bouillabaisse: A.W.O.L. (2009 Digital Remaster),Eminem - My Darling,Manic Street Preachers - Further Away,Incognito - Chase The Clouds Away,Burt Bacharach - The Look Of Love,Manic Street Preachers - Further Away,Incognito - Chase The Clouds Away,Burt Bacharach - The Look Of Love
TRYIKZR128E0783C64,SOBEOHW12AF72A5BFC,AR98JLC1187B9ADE23,Megadeth,Black Curtains (2004 Digital Remaster),metal,Beastie Boys - B-Boy Bouillabaisse: A.W.O.L. (2009 Digital Remaster),Lauryn Hill - Interlude 5,The Roots - Mellow My Man,Beastie Boys - B-Boy Bouillabaisse: A.W.O.L. (2009 Digital Remaster),Lauryn Hill - Interlude 5,The Roots - Mellow My Man,Ima Robot - Black Jettas,Martin Sexton - Black Sheep,Joan Baez - Black Is The Color,Ima Robot - Black Jettas,Martin Sexton - Black Sheep,Joan Baez - Black Is The Color
TRIOZOZ128F92FA0C2,SOVOXQN12A3F1EC5FA,AR98JLC1187B9ADE23,Megadeth,Die Dead Enough,metal,Beastie Boys - B-Boy Bouillabaisse: A.W.O.L. (2009 Digital Remaster),Eminem - 8 Mile,Mario Vazquez - Everytime I...,Beastie Boys - B-Boy Bouillabaisse: A.W.O.L. (2009 Digital Remaster),Mario Vazquez - Everytime I...,Eminem - 8 Mile,Manafest - Runaway,Deep Dish - Awake Enough,Joe Bonamassa - Ball Peen Hammer,Manafest - Runaway,Deep Dish - Awake Enough,Joe Bonamassa - Ball Peen Hammer
TRUHHWN128F93045BA,SOKAEJQ12AB0181294,ARVSQHB1187B992FF0,Drowning Pool,Bodies,metal,Danity Kane - Hold Me Down (Album Version),Akon - Locked Up,Lauryn Hill - Interlude 5,Danity Kane - Hold Me Down (Album Version),Akon - Locked Up,Jessica Mauboy - Let Me Be Me,Lisa Lisa & Cult Jam - Let The Beat Hit 'Em,Dean Martin - Let Me Go Lover,Jessica Mauboy - Let Me Be Me,Lisa Lisa & Cult Jam - Let The Beat Hit 'Em,Dean Martin - Let Me Go Lover,Jessica Mauboy - Let Me Be Me
TRJHNLI128F934B2CA,SONCWXR12D021B1283,AR5Z3L01187B99C5A9,Cannibal Corpse,Rotting Head,metal,Ja Rule - One of Us,Beastie Boys - B-Boy Bouillabaisse: A.W.O.L. (2009 Digital Remaster),Lauryn Hill - Interlude 5,Ja Rule - One of Us,Life Without Buildings - New Town,The Pharcyde - Otha Fish,Moonsorrow - Tuleen Ajettu Maa,Goatwhore - Vengeance of Demonic Fury,Goatwhore - Bloodletting Upon The Cloven Hoof,Moonsorrow - Tuleen Ajettu Maa,Goatwhore - Vengeance of Demonic Fury,Kurt Elling - Resolution
TRQGFHN128F428643E,SOVKLCX12A8C13860D,AR0KBXO1187B996460,Slipknot,Gehenna,metal,Lauryn Hill - Interlude 5,Twista - I'm A Winner (Amended Album Version),Erykah Badu - I Want You,Lauryn Hill - Interlude 5,Twista - I'm A Winner (Amended Album Version),Erykah Badu - I Want You,Common - I Want You,Jonny Lang - Breakin Me,Psapp - I Want That,Common - I Want You,Jonny Lang - Breakin Me,Psapp - I Want That
TRHCDHI128F92C4B9B,SOOHRVS12AF729C881,AR0KBXO1187B996460,Slipknot,[sic] [Explicit],metal,Lauryn Hill - Interlude 5,Twista - I'm A Winner (Amended Album Version),Erykah Badu - I Want You,Lauryn Hill - Interlude 5,Twista - I'm A Winner (Amended Album Version),Erykah Badu - I Want You,Clawfinger - Revenge,Shayne Ward - Tangled Up,Weeping Willows - Your Eyes,Clawfinger - Revenge,Shayne Ward - Tangled Up,Weeping Willows - Your Eyes
TRVHKNP128F429DDCE,SOENNBZ12A58A7B5A7,ARK9TRQ1187B99C095,Nine Inch Nails,Gunshots by Computer,metal,Lauryn Hill - Interlude 5,Twista - I'm A Winner (Amended Album Version),Beastie Boys - B-Boy Bouillabaisse: A.W.O.L. (2009 Digital Remaster),Lauryn Hill - Interlude 5,Twista - I'm A Winner (Amended Album Version),Beastie Boys - B-Boy Bouillabaisse: A.W.O.L. (2009 Digital Remaster),Lauryn Hill - Ex-Factor,Grace Jones - Nipple To The Bottle,Above The Law - Untouchable,Lauryn Hill - Ex-Factor,Binary Star - Honest Expression,Above The Law - Untouchable
TREFLCZ128F4236589,SOJKLWM12A81C23BBC,ARDQ9AP1187B9BA3F6,Killswitch Engage,Hope Is... (Album Version),metal,Lauryn Hill - Interlude 5,Röyksopp - Remind Me (Live),Enrique Iglesias - Miss You,Röyksopp - Remind Me (Live),Lauryn Hill - Interlude 5,Enrique Iglesias - Miss You,Supreme Majesty - Heroes Of Our Land,Ella Fitzgerald - Manhattan,Alexisonfire - We Are the End,Supreme Majesty - Heroes Of Our Land,Ella Fitzgerald - Manhattan,Alexisonfire - We Are the End
TRQFRJG128F4260199,SOVJLIF12A8C137957,ARHXK5N1187B98F942,Opeth,The Moor,metal,Lauryn Hill - Interlude 5,Beastie Boys - B-Boy Bouillabaisse: A.W.O.L. (2009 Digital Remaster),Twista - I'm A Winner (Amended Album Version),Lauryn Hill - Interlude 5,Beastie Boys - B-Boy Bouillabaisse: A.W.O.L. (2009 Digital Remaster),Twista - I'm A Winner (Amended Album Version),Saul Williams - Elohim (1972),Autopsy - Skullptures,Snoop Dogg - Snoopafella (Edited),Saul Williams - Elohim (1972),Autopsy - Skullptures,Snoop Dogg - Snoopafella (Edited)
TRMFSTL128F427B6C1,SOIXQXH12A8C135FC8,ARMOHN71187FB3959F,Atreyu,This Flesh A Tomb (Instrumental Version),metal,Lauryn Hill - Interlude 5,Beastie Boys - B-Boy Bouillabaisse: A.W.O.L. (2009 Digital Remaster),Twista - I'm A Winner (Amended Album Version),Lauryn Hill - Interlude 5,Beastie Boys - B-Boy Bouillabaisse: A.W.O.L. (2009 Digital Remaster),Twista - I'm A Winner (Amended Album Version),Crotchduster - Let Me Into Starfish Land,Matt Nathanson - Bent,Manafest - Runaway,Crotchduster - Let Me Into Starfish Land,Matt Nathanson - Bent,Manafest - Runaway
TRALERK12903CDCAFD,SOZABYO12A8C143546,ARWMFZH11C8A4219E0,For Today,A Higher Standard,metal,Lauryn Hill - Interlude 5,Vanilla Ice - Ice Is Workin' It,Daft Punk - Touch It / Technologic,Lauryn Hill - Interlude 5,Daft Punk - Touch It / Technologic,Vanilla Ice - Ice Is Workin' It,MxPx - It's Undeniable,Basia - Prime Time TV,Robbie Williams - It's De-Lovely,MxPx - It's Undeniable,Basia - Prime Time TV,Robbie Williams - It's De-Lovely
TRDIJKP12903CDCAF4,SOATHYW12A8C143527,ARWMFZH11C8A4219E0,For Today,Redemption,metal,Lauryn Hill - Interlude 5,Beastie Boys - B-Boy Bouillabaisse: A.W.O.L. (2009 Digital Remaster),Eminem - My Darling,Lauryn Hill - Interlude 5,Beastie Boys - B-Boy Bouillabaisse: A.W.O.L. (2009 Digital Remaster),Eminem - My Darling,I Am Ghost - So_ I Guess This Is Goodbye,Atmosphere - Happymess,Despised Icon - Furtive Monologue,I Am Ghost - So_ I Guess This Is Goodbye,Atmosphere - Happymess,Despised Icon - Furtive Monologue
TRZQYIJ128F92E7F49,SOYPYRU12AB017F852,ARVJR1N1187FB4144A,Lamb Of God,We Die Alone (Bonus Track),metal,Lauryn Hill - Interlude 5,The Prodigy - We Gonna Rock,Hollywood Undead - Undead,Lauryn Hill - Interlude 5,The Prodigy - We Gonna Rock,Hollywood Undead - Undead,Lifetime - Daneurysm,Kaizers Orchestra - Die Polizei,Suicide Commando - Dead March,Lifetime - Daneurysm,Kaizers Orchestra - Die Polizei,Tommy James & The Shondells - I Think We're Alone Now (Single/LP Version)
TRMYVVL128F92E865E,SODLQJO12A8C139576,ARWIA8D1187B990A0C,STRATOVARIUS,Elements,metal,Lauryn Hill - Interlude 5,Ja Rule - One of Us,Beastie Boys - B-Boy Bouillabaisse: A.W.O.L. (2009 Digital Remaster),Ja Rule - One of Us,Lauryn Hill - Interlude 5,Beastie Boys - B-Boy Bouillabaisse: A.W.O.L. (2009 Digital Remaster),Spiral Architect - Fountainhead,Ziggy Marley And The Melody Makers - 13 Months Of Sunshine,BAL-SAGOTH - The chronicle of shadows,Spiral Architect - Fountainhead,Ziggy Marley And The Melody Makers - 13 Months Of Sunshine,BAL-SAGOTH - The chronicle of shadows
TRIKFKO128F426A6FC,SORDWWC12A8C13AA28,ARWIA8D1187B990A0C,STRATOVARIUS,Know The Difference,metal,Lauryn Hill - Interlude 5,Beastie Boys - B-Boy Bouillabaisse: A.W.O.L. (2009 Digital Remaster),Michael Jackson - Man In The Mirror,Lauryn Hill - Interlude 5,Beastie Boys - B-Boy Bouillabaisse: A.W.O.L. (2009 Digital Remaster),Michael Jackson - Man In The Mirror,Sara Groves - What Do I Know,Julia Fordham - Genius,John Legend - I Can Change,Sara Groves - What Do I Know,Julia Fordham - Genius,John Legend - I Can Change
TRJAFPP128F426AB25,SOXHFBO12A8C13132A,AR9C8IE1187B9ACC99,System of a Down,Peephole,metal,Twista - I'm A Winner (Amended Album Version),Lauryn Hill - Interlude 5,Life Without Buildings - New Town,Twista - I'm A Winner (Amended Album Version),Lauryn Hill - Interlude 5,Life Without Buildings - New Town,Concrete Blonde - It's Only Money,Jeff Healey - It's Only Money,Ian Van Dahl - Castles In The Sky,Concrete Blonde - It's Only Money,Jeff Healey - It's Only Money,Ian Van Dahl - Castles In The Sky
TRYMCCD128F421CD27,SOPTZIL12A6D4FD7AC,ARR057Y1187B9A16E7,Children Of Bodom,Hellhounds on My Trail,metal,Lauryn Hill - Interlude 5,Twista - I'm A Winner (Amended Album Version),Beastie Boys - B-Boy Bouillabaisse: A.W.O.L. (2009 Digital Remaster),Lauryn Hill - Interlude 5,Twista - I'm A Winner (Amended Album Version),Erykah Badu - I Want You,The Sundays - My Finest Hour,Good Old War - Tell Me (Acoustic),Permanent Me - Heartattack,The Sundays - My Finest Hour,Good Old War - Tell Me (Acoustic),Permanent Me - Heartattack
TRVIFKS128F426813A,SOKVYHH12A81C22CC4,ARR057Y1187B9A16E7,Children Of Bodom,No Commands,metal,Lauryn Hill - Interlude 5,Beastie Boys - B-Boy Bouillabaisse: A.W.O.L. (2009 Digital Remaster),Enrique Iglesias - Miss You,Lauryn Hill - Interlude 5,Beastie Boys - B-Boy Bouillabaisse: A.W.O.L. (2009 Digital Remaster),Enrique Iglesias - Miss You,Kosheen - Pride,The Airborne Toxic Event - The Girls In Their Summer Dresses,Animal Collective - No More Runnin,Kosheen - Pride,The Airborne Toxic Event - The Girls In Their Summer Dresses,Animal Collective - No More Runnin
TRLHJMW128F1493BA1,SOZUQLN12A5891F885,AR4KS8C1187FB4CF3D,Tori Amos,Mother (2006 Remastered Alternate Mix),metal,Lauryn Hill - Interlude 5,Beastie Boys - B-Boy Bouillabaisse: A.W.O.L. (2009 Digital Remaster),Twista - I'm A Winner (Amended Album Version),Lauryn Hill - Interlude 5,Beastie Boys - B-Boy Bouillabaisse: A.W.O.L. (2009 Digital Remaster),Twista - I'm A Winner (Amended Album Version),Beastie Boys - B-Boy Bouillabaisse: A.W.O.L. (2009 Digital Remaster),Parliament - Mr. Wiggles,Sage Francis - Clickety Clack,Beastie Boys - B-Boy Bouillabaisse: A.W.O.L. (2009 Digital Remaster),Parliament - Mr. Wiggles,Sage Francis - Clickety Clack
TRZGXNM128F1451ADF,SOGGUIK12A6D4F5F5B,ARHTAPO1187FB5AADE,Iron Maiden,Lord Of The Flies (Live In Dortmund),metal,Lauryn Hill - Interlude 5,Beastie Boys - B-Boy Bouillabaisse: A.W.O.L. (2009 Digital Remaster),Ja Rule - One of Us,Lauryn Hill - Interlude 5,Beastie Boys - B-Boy Bouillabaisse: A.W.O.L. (2009 Digital Remaster),Ja Rule - One of Us,The Starting Line - Photography,Pigeon John - Growin' Old,Pretty Maids - Perfect Stranger,The Starting Line - Photography,Pigeon John - Growin' Old,Pretty Maids - Perfect Stranger
TROGUOT128F147F39A,SOPFDRI12A6D4F83F4,ARHTAPO1187FB5AADE,Iron Maiden,Phantom Of The Opera (Live) (1998 Digital Remaster),metal,Lauryn Hill - Interlude 5,Twista - I'm A Winner (Amended Album Version),Eminem - My Darling,Lauryn Hill - Interlude 5,Twista - I'm A Winner (Amended Album Version),Eminem - My Darling,HELLYEAH - Nausea,Harry Belafonte - Angelina,Delta Goodrem - Predictable,HELLYEAH - Nausea,Harry Belafonte - Angelina,Delta Goodrem - Predictable
TRJYSJS128EF356B75,SOTFXJB12A58A7692B,ARQATWU1187B98EE26,Ill Niño,Re-Birth,metal,Lauryn Hill - Interlude 5,Twista - I'm A Winner (Amended Album Version),Five - That's What You Told Me,Lauryn Hill - Interlude 5,Twista - I'm A Winner (Amended Album Version),Five - That's What You Told Me,Sean Lennon - Into The Sun,The Berzerker - All About You,Avant - Out of Character,Sean Lennon - Into The Sun,Avant - Out of Character,The Berzerker - All About You
TRSUANW128F930BD52,SOHWQLM12AB017E46B,ARDZQ7Z1187B99711A,Kamelot,This Pain,metal,Lauryn Hill - Interlude 5,Beastie Boys - B-Boy Bouillabaisse: A.W.O.L. (2009 Digital Remaster),Eminem - 8 Mile,Lauryn Hill - Interlude 5,Beastie Boys - B-Boy Bouillabaisse: A.W.O.L. (2009 Digital Remaster),Eminem - 8 Mile,Organized Konfusion - Releasing Hypnotical Gases,Bob Dylan - Ballad In Plain D,Less Than Jake - Abandon Ship,Organized Konfusion - Releasing Hypnotical Gases,Bob Dylan - Ballad In Plain D,Less Than Jake - Abandon Ship
TRRIRCF128F426A606,SOFRVOH12A8C132F50,ARXPPEY1187FB51DF4,Michael Jackson,You Are Not Alone,pop,Lauryn Hill - Interlude 5,Twista - I'm A Winner (Amended Album Version),Eminem - My Darling,Lauryn Hill - Interlude 5,Twista - I'm A Winner (Amended Album Version),Eminem - My Darling,New Found Glory - Dressed To Kill,Royksopp - You Don't Have A Clue,G4 - To Where You Are,New Found Glory - Dressed To Kill,Royksopp - You Don't Have A Clue,G4 - To Where You Are
TREUPHA128F4278F34,SOTLPVB12CF5CFD7F3,ARXPPEY1187FB51DF4,Michael Jackson,Baby Be Mine,pop,Lauryn Hill - Interlude 5,Twista - I'm A Winner (Amended Album Version),Beastie Boys - B-Boy Bouillabaisse: A.W.O.L. (2009 Digital Remaster),Lauryn Hill - Interlude 5,Twista - I'm A Winner (Amended Album Version),Erykah Badu - I Want You,Kelly Clarkson - Anytime,Alice Smith - Dream,Fat Joe - Preacher On A Sunday Morning,Kelly Clarkson - Anytime,Alice Smith - Dream,Fat Joe - Preacher On A Sunday Morning
TRQAWKR128F425EEC3,SOFHEBR12CF5F892C7,ARXPPEY1187FB51DF4,Michael Jackson,Man In The Mirror,pop,Lauryn Hill - Interlude 5,Twista - I'm A Winner (Amended Album Version),Beastie Boys - B-Boy Bouillabaisse: A.W.O.L. (2009 Digital Remaster),Lauryn Hill - Interlude 5,Twista - I'm A Winner (Amended Album Version),Beastie Boys - B-Boy Bouillabaisse: A.W.O.L. (2009 Digital Remaster),Petey Pablo - Show Me The Money,Bow Wow - Sunshine,Lucy Pearl - LaLa,Petey Pablo - Show Me The Money,Bow Wow - Sunshine,Souls Of Mischief - One
TRCYAYD128F92F3758,SODIHGW12CF5F88001,ARXPPEY1187FB51DF4,Michael Jackson,Why You Wanna Trip On Me,pop,Lauryn Hill - Interlude 5,Danity Kane - Hold Me Down (Album Version),Five - That's What You Told Me,Danity Kane - Hold Me Down (Album Version),Lauryn Hill - Interlude 5,Five - That's What You Told Me,Thomas Dybdahl - U,Bessie Smith - Thinking Blues,George Ducas - Shame On Me,Thomas Dybdahl - U,Bessie Smith - Thinking Blues,George Ducas - Shame On Me
TRGJXNX128F92F8757,SOEURRQ12D02194749,ARORMBJ1241B9CDB1A,Ke$ha,TiK ToK,pop,Lauryn Hill - Interlude 5,Beastie Boys - B-Boy Bouillabaisse: A.W.O.L. (2009 Digital Remaster),Twista - I'm A Winner (Amended Album Version),Beastie Boys - B-Boy Bouillabaisse: A.W.O.L. (2009 Digital Remaster),Lauryn Hill - Interlude 5,Twista - I'm A Winner (Amended Album Version),Mobb Deep - Trife Life,Spice Girls - Ain't No Stopping Us Now,Warren G - We Brings Heat,Mobb Deep - Trife Life,Spice Girls - Ain't No Stopping Us Now,Warren G - We Brings Heat
TRNQDAJ128F92F4AE0,SOQDMKM12A58A7A9B2,ARF5M7Q1187FB501E8,Maroon 5,Nothing Lasts Forever,pop,Lauryn Hill - Interlude 5,Twista - I'm A Winner (Amended Album Version),Erykah Badu - I Want You,Lauryn Hill - Interlude 5,Twista - I'm A Winner (Amended Album Version),Erykah Badu - I Want You,Useless I.D. - It's Alright,Angela Bofill - I Try,Nelly - Splurge,Useless I.D. - It's Alright,Lou Reed - So Alone,Nelly - Splurge
TRHKYKI128E07921BC,SOPOYAC12D021B2BE2,ARDCFNZ1187FB3DDB0,Enrique Iglesias,Roamer,pop,Beastie Boys - B-Boy Bouillabaisse: A.W.O.L. (2009 Digital Remaster),Eminem - 8 Mile,Lauryn Hill - Interlude 5,Beastie Boys - B-Boy Bouillabaisse: A.W.O.L. (2009 Digital Remaster),Eminem - 8 Mile,Rufio - Over It (Acoustic),Us3 - It's Like That,Eminem - 8 Mile,Dead Prez - Fucked Up,Us3 - It's Like That,Eminem - 8 Mile,Dead Prez - Fucked Up
TRTJYFF128F9340CA9,SOYXNXN12A8C131F3D,ARML3X41187FB35F2E,Jason Mraz,Live High (Album Version),pop,Lauryn Hill - Interlude 5,Daft Punk - Touch It / Technologic,Vanilla Ice - Ice Is Workin' It,Lauryn Hill - Interlude 5,Daft Punk - Touch It / Technologic,Vanilla Ice - Ice Is Workin' It,Blackstreet - Black & White,Jolie Holland - Mexico City,The Brian Setzer Orchestra - Let's Live It Up,Blackstreet - Black & White,Jolie Holland - Mexico City,Jamiroquai - Virtual Insanity
TRMBGMX128F92FD769,SOREOCT12AB0184E18,ARKSZW81187B9B695D,Mariah Carey,Did I Do That?,pop,Lauryn Hill - Interlude 5,Twista - I'm A Winner (Amended Album Version),Eminem - My Darling,Lauryn Hill - Interlude 5,Twista - I'm A Winner (Amended Album Version),Erykah Badu - I Want You,Charlie Wilson - What You Do To Me,"Brand New Heavies_ The - You Are The Universe (Roger's Universal 7"" Edit)",A Tribe Called Quest - The Hop,Charlie Wilson - What You Do To Me,A Tribe Called Quest - The Hop,Kevin Devine - It's Only Your Life
TRWMZQL128F9306DCB,SOQWWOQ12AAF3B22EA,ARKSZW81187B9B695D,Mariah Carey,I'll Be There,pop,Lauryn Hill - Interlude 5,Twista - I'm A Winner (Amended Album Version),Beastie Boys - B-Boy Bouillabaisse: A.W.O.L. (2009 Digital Remaster),Lauryn Hill - Interlude 5,Twista - I'm A Winner (Amended Album Version),Erykah Badu - I Want You,RyanDan - I'll Be There,Ben Harper And The Blind Boys Of Alabama - There Will Be A Light,The Dells - It's All Up To You,RyanDan - I'll Be There,Ben Harper And The Blind Boys Of Alabama - There Will Be A Light,The Dells - It's All Up To You
TRRIZDV128F92C1F17,SOBQRXD12A8C13FB26,ARBAW9R1187B98FB6B,Natasha Bedingfield,I Think They're Thinking - Interlude,pop,Beastie Boys - B-Boy Bouillabaisse: A.W.O.L. (2009 Digital Remaster),Lauryn Hill - Interlude 5,Nelly - Splurge,Beastie Boys - B-Boy Bouillabaisse: A.W.O.L. (2009 Digital Remaster),Nelly - Splurge,Mario Vazquez - Everytime I...,The Bastard Fairies - Guns And Dolls,Whitney Houston - Thinking About You,Cherish - Oooh,The Bastard Fairies - Guns And Dolls,Whitney Houston - Thinking About You,Cherish - Oooh
TREXAZN128F425A825,SOUPUNL12A8AE48502,ARBAW9R1187B98FB6B,Natasha Bedingfield,Silent Movie,pop,Lauryn Hill - Interlude 5,Twista - I'm A Winner (Amended Album Version),Danity Kane - Hold Me Down (Album Version),Lauryn Hill - Interlude 5,Twista - I'm A Winner (Amended Album Version),Danity Kane - Hold Me Down (Album Version),Ricky Nelson - Mighty Good,Delta Goodrem - Predictable,Royksopp - You Don't Have A Clue,Ricky Nelson - Mighty Good,Delta Goodrem - Predictable,Royksopp - You Don't Have A Clue
TRFYGMB128F425A7A2,SOXDIRH12A8AE45FD5,ARBAW9R1187B98FB6B,Natasha Bedingfield,Stumble,pop,Lauryn Hill - Interlude 5,Twista - I'm A Winner (Amended Album Version),Erykah Badu - I Want You,Lauryn Hill - Interlude 5,Twista - I'm A Winner (Amended Album Version),Erykah Badu - I Want You,Chris Brown - Ain't No Way (You Won't Love Me),Clawfinger - Revenge,Anastacia - Club Megamix,Chris Brown - Ain't No Way (You Won't Love Me),Clawfinger - Revenge,Anastacia - Club Megamix
TRSRDVR128F92E6CF4,SOIXPFM12AF72A3189,ARDCFNZ1187FB3DDB0,Enrique Iglesias,Heroe,pop,Twista - I'm A Winner (Amended Album Version),Lauryn Hill - Interlude 5,Erykah Badu - I Want You,Twista - I'm A Winner (Amended Album Version),Lauryn Hill - Interlude 5,Erykah Badu - I Want You,Enrique Iglesias - Little Girl,Hello Saferide - Get Sick Soon,Level 42 - To Be With You Again,Enrique Iglesias - Little Girl,Hello Saferide - Get Sick Soon,Level 42 - To Be With You Again
TRNHATG128F428BC8A,SOVSGRO12A8C138859,ARDCFNZ1187FB3DDB0,Enrique Iglesias,Little Girl,pop,Twista - I'm A Winner (Amended Album Version),Lauryn Hill - Interlude 5,Erykah Badu - I Want You,Twista - I'm A Winner (Amended Album Version),Lauryn Hill - Interlude 5,Erykah Badu - I Want You,Enrique Iglesias - Heroe,Hello Saferide - Get Sick Soon,Level 42 - To Be With You Again,Enrique Iglesias - Heroe,Hello Saferide - Get Sick Soon,Level 42 - To Be With You Again
TREMCSO128F4215877,SOSVMLR12A6D4F7921,ARDCFNZ1187FB3DDB0,Enrique Iglesias,Ruleta Rusa,pop,Violadores del Verso - Dale tiempo al rumor,Johnny Prez - Te Vuelvo Loca,Tego Calderon - Al Natural (Amended Version),Violadores del Verso - Dale tiempo al rumor,Johnny Prez - Te Vuelvo Loca,Tego Calderon - Al Natural (Amended Version),Luis Miguel - La Media Vuelta,Karamelo Santo - Sacrificio,Johnny Prez - Entra,Karamelo Santo - Sacrificio,Luis Miguel - La Media Vuelta,Johnny Prez - Entra
TRMMVPU128F145EC99,SOTTMRS12A6D4F791C,ARDCFNZ1187FB3DDB0,Enrique Iglesias,Contigo,pop,Violadores del Verso - Dale tiempo al rumor,Tego Calderon - Al Natural (Amended Version),Violadores del Verso - Cantando,Violadores del Verso - Dale tiempo al rumor,Tego Calderon - Al Natural (Amended Version),Violadores del Verso - Cantando,Buena Vista Social Club - Candela,Ricardo Montaner - En el último lugar del mundo,Atahualpa Yupanqui - Milonga Del Solitario,Buena Vista Social Club - Candela,Ricardo Montaner - En el último lugar del mundo,Atahualpa Yupanqui - Milonga Del Solitario
TRFKPYW128F92F21C5,SOJHZAT12D02198B73,AR6PJ8R1187FB5AD70,Shakira,Años Luz,pop,Violadores del Verso - Dale tiempo al rumor,Violadores del Verso - Cantando,Los Van Van - El Negro Está Cocinando,Violadores del Verso - Dale tiempo al rumor,Violadores del Verso - Cantando,Los Van Van - El Negro Está Cocinando,Aventura - Obsesion (English Remix_ Album Version),Ana Gabriel - Clemencia,La 5A Estacion - Algo Mas,Aventura - Obsesion (English Remix_ Album Version),Ana Gabriel - Clemencia,La 5A Estacion - Algo Mas
TRCUKHR128F92DF656,SOCWCZN12A8C14388F,ARQ32IT1187FB589D3,Sara Bareilles,Love Song,pop,Lauryn Hill - Interlude 5,Twista - I'm A Winner (Amended Album Version),Eminem - My Darling,Lauryn Hill - Interlude 5,Twista - I'm A Winner (Amended Album Version),Erykah Badu - I Want You,Chris Brown - Ain't No Way (You Won't Love Me),Clawfinger - Revenge,Jeff Timmons - Can't You See,Chris Brown - Ain't No Way (You Won't Love Me),Clawfinger - Revenge,Mutya Buena - Not Your Baby
TRDLWAP128F428F6B9,SORXKZB12AF72A1F72,AR0S7TA1187FB4D024,Christina Aguilera,Candyman,pop,Lauryn Hill - Interlude 5,Beastie Boys - B-Boy Bouillabaisse: A.W.O.L. (2009 Digital Remaster),Ja Rule - One of Us,Lauryn Hill - Interlude 5,Ja Rule - One of Us,Beastie Boys - B-Boy Bouillabaisse: A.W.O.L. (2009 Digital Remaster),Binary Star - Wolfman Jack,Bellamy Brothers - Old Hippie,Bad Religion - Automatic Man (Album Version),Binary Star - Wolfman Jack,Bellamy Brothers - Old Hippie,Bad Religion - Automatic Man (Album Version)
TRPEWXU12903CE6EA2,SONLEKN12AC9618818,ARVOZXD12454A4CC66,Selena Gomez & The Scene,Tell Me Something I Don't Know,pop,Lauryn Hill - Interlude 5,R. Kelly - I Mean (I Don't Mean It),Beastie Boys - B-Boy Bouillabaisse: A.W.O.L. (2009 Digital Remaster),Lauryn Hill - Interlude 5,R. Kelly - I Mean (I Don't Mean It),Nelly - Splurge,Faithless - Salva Mea,Willie Nelson - All Of Me,Nancy Sinatra - Flowers On The Wall,Faithless - Salva Mea,Willie Nelson - All Of Me,Nancy Sinatra - Flowers On The Wall
TRAYJOF128F92F9EEA,SOAYXCJ12AB0183822,ARJGIOD1187B9AE920,Kelly Clarkson,Cry,pop,Lauryn Hill - Interlude 5,Twista - I'm A Winner (Amended Album Version),Beastie Boys - B-Boy Bouillabaisse: A.W.O.L. (2009 Digital Remaster),Lauryn Hill - Interlude 5,Twista - I'm A Winner (Amended Album Version),Erykah Badu - I Want You,Mario Vazquez - Everytime I...,Corinne Bailey Rae - I'd Like To,Less Than Jake - I Think I Love You,Mario Vazquez - Everytime I...,Corinne Bailey Rae - I'd Like To,Bouncing Souls_ The - Pervert
TRARKBB128F92E9468,SORUPLB12A8C14211F,ARFWL8S1187B9B4B44,Céline Dion,Zora sourit,pop,Lauryn Hill - Interlude 5,Twiztid - She Ain't Afraid,Sniper - Panam All Star,Lauryn Hill - Interlude 5,Fonky Family - L'Amour Du Risque,Sniper - Panam All Star,Jacques Dutronc - Laquelle Des Deux Est La Plus Snob,Miss Kittin - 3ème Sexe,Raine Maida - Earthless,Miss Kittin - 3ème Sexe,Jacques Dutronc - Laquelle Des Deux Est La Plus Snob,Raine Maida - Earthless
TRFBXJZ128F92D25C0,SOZGQFY12A8C140D8B,ARUFTTR1187FB3A4B0,Newsboys,Dance,pop,Lauryn Hill - Interlude 5,Beastie Boys - B-Boy Bouillabaisse: A.W.O.L. (2009 Digital Remaster),Twista - I'm A Winner (Amended Album Version),Lauryn Hill - Interlude 5,Twista - I'm A Winner (Amended Album Version),Beastie Boys - B-Boy Bouillabaisse: A.W.O.L. (2009 Digital Remaster),Pete Rock & C.L. Smooth - Act Like You Know (LP Version),Bahamadia - WordPlay,Dilated Peoples - Ruggedness,Pete Rock & C.L. Smooth - Act Like You Know (LP Version),Bahamadia - WordPlay,Dilated Peoples - Ruggedness
TRICXDK128F92CBC3C,SOXWHWP12A8C1440F8,ARFWL8S1187B9B4B44,Céline Dion,Partout Je Vois,pop,Lauryn Hill - Interlude 5,Twista - I'm A Winner (Amended Album Version),Beastie Boys - B-Boy Bouillabaisse: A.W.O.L. (2009 Digital Remaster),Twista - I'm A Winner (Amended Album Version),Lauryn Hill - Interlude 5,Erykah Badu - I Want You,Ledisi - Best Friend,Angie Stone - Snowflakes,Next - I Still Love You,Ledisi - Best Friend,Angie Stone - Snowflakes,Dixie Chicks - Mississippi
TRZNHJN128F4293FC2,SOVODWN12D02199268,ARJGIOD1187B9AE920,Kelly Clarkson,Anytime,pop,Lauryn Hill - Interlude 5,Twista - I'm A Winner (Amended Album Version),Eminem - My Darling,Lauryn Hill - Interlude 5,Twista - I'm A Winner (Amended Album Version),Erykah Badu - I Want You,Thalia - Alguien Real (Baby_ I'm In Love),Alice Smith - Dream,Anastacia - Club Megamix,Thalia - Alguien Real (Baby_ I'm In Love),Anastacia - Club Megamix,Alice Smith - Dream
TRPKKZG128F92E495A,SOODGZY12A8C141F44,ARQEBGJ122E6447D2B,Edward Sharpe & The Magnetic Zeros,Simplest Love,pop,Stevie Wonder - All Day Sucker,Brick & Lace - Love Is Wicked,Dilated Peoples - Love And War,Stevie Wonder - All Day Sucker,Brick & Lace - Love Is Wicked,Dilated Peoples - Love And War,Manhattan Transfer - Love For Sale (LP Version),Ryan Adams - My Love For You Is Real,Caetano Veloso - Love For Sale,Manhattan Transfer - Love For Sale (LP Version),Ryan Adams - My Love For You Is Real,Caetano Veloso - Love For Sale
TRVPPSC128F92EC9C2,SORRVTP12A8C13FFAF,ARQ2I6K1187FB59949,Colbie Caillat,Midnight Bottle,pop,Lauryn Hill - Interlude 5,Twista - I'm A Winner (Amended Album Version),Beastie Boys - B-Boy Bouillabaisse: A.W.O.L. (2009 Digital Remaster),Lauryn Hill - Interlude 5,Twista - I'm A Winner (Amended Album Version),Beastie Boys - B-Boy Bouillabaisse: A.W.O.L. (2009 Digital Remaster),Dina Carroll - Don't Be A Stranger,In Flames - Only For The Weak,Alicia Keys - Try Sleeping With A Broken Heart,Dina Carroll - Don't Be A Stranger,Onyx - Feel Me,In Flames - Only For The Weak
TRCJADX128F428D3E0,SOKPSGM12A8C1381DE,AR03BDP1187FB5B324,Britney Spears,Let Me Be,pop,Lauryn Hill - Interlude 5,Twista - I'm A Winner (Amended Album Version),Beastie Boys - B-Boy Bouillabaisse: A.W.O.L. (2009 Digital Remaster),Lauryn Hill - Interlude 5,Erykah Badu - I Want You,Twista - I'm A Winner (Amended Album Version),Alison Krauss / Union Station - Baby Now That I've Found You,Anastacia - Club Megamix,Toni Braxton - Love Affair,Alison Krauss / Union Station - Baby Now That I've Found You,Anastacia - Club Megamix,Toni Braxton - Love Affair
TRKJKJV128F425E247,SOEMDUJ12A8AE460E2,ARW9FP41187B98C2A7,Annie Lennox,Big Sky,pop,Lauryn Hill - Interlude 5,Twista - I'm A Winner (Amended Album Version),Beastie Boys - B-Boy Bouillabaisse: A.W.O.L. (2009 Digital Remaster),Lauryn Hill - Interlude 5,Twista - I'm A Winner (Amended Album Version),Beastie Boys - B-Boy Bouillabaisse: A.W.O.L. (2009 Digital Remaster),Fat Joe - Preacher On A Sunday Morning,the bird and the bee - Witch,Angie Stone - Snowflakes,Fat Joe - Preacher On A Sunday Morning,the bird and the bee - Witch,Angie Stone - Snowflakes
TRXMQNH128F4287D61,SOSHPHO12A58A7D1F5,AR30R5E1187B9AD78A,Whitney Houston,Thinking About You,pop,Lauryn Hill - Interlude 5,Twista - I'm A Winner (Amended Album Version),Erykah Badu - I Want You,Lauryn Hill - Interlude 5,Twista - I'm A Winner (Amended Album Version),Erykah Badu - I Want You,Less Than Jake - I Think I Love You,Cherish - Oooh,Chrisette Michele - All I Ever Think About,Less Than Jake - I Think I Love You,Cherish - Oooh,Chrisette Michele - All I Ever Think About
TRXXPYK128F14805B7,SOYLXQZ12A6D4F99CA,AR9W3X91187FB3994C,Phil Collins,A Groovy Kind Of Love (Live),pop,Lauryn Hill - Interlude 5,Twista - I'm A Winner (Amended Album Version),Erykah Badu - I Want You,Lauryn Hill - Interlude 5,Twista - I'm A Winner (Amended Album Version),Erykah Badu - I Want You,Amel Larrieux - Sweet Misery,Hello Saferide - Get Sick Soon,Anastacia - Club Megamix,Amel Larrieux - Sweet Misery,Hello Saferide - Get Sick Soon,Anastacia - Club Megamix
TRGQFUZ128F92ED646,SORBUNE12AB017CDD2,AR65K7A1187FB4DAA4,Beyoncé,That's Why You're Beautiful,pop,Lauryn Hill - Interlude 5,Michael Jackson - Man In The Mirror,Beastie Boys - B-Boy Bouillabaisse: A.W.O.L. (2009 Digital Remaster),Lauryn Hill - Interlude 5,Michael Jackson - Man In The Mirror,Beastie Boys - B-Boy Bouillabaisse: A.W.O.L. (2009 Digital Remaster),Selena - Tu Eres,Michael Bublé - That's All (Album Version),CSS - Beautiful Song,Selena - Tu Eres,Michael Bublé - That's All (Album Version),CSS - Beautiful Song
TRPAJJF128F428D18A,SOIHYXH12D0219A26C,AR30R5E1187B9AD78A,Whitney Houston,Step By Step,pop,Young Jeezy - By The Way,Lauryn Hill - Interlude 5,Beastie Boys - B-Boy Bouillabaisse: A.W.O.L. (2009 Digital Remaster),Young Jeezy - By The Way,Lauryn Hill - Interlude 5,Beastie Boys - B-Boy Bouillabaisse: A.W.O.L. (2009 Digital Remaster),Young Jeezy - By The Way,Tom Waits - Flash Pan Hunter/Intro,Patty Griffin - Every Little Bit,Young Jeezy - By The Way,Patty Griffin - Every Little Bit,Tom Waits - Flash Pan Hunter/Intro
TRLPDIB128F42289CC,SOOVOWN12A8AE46AA6,AR03BDP1187FB5B324,Britney Spears,Piece Of Me (Main Version),pop,Lauryn Hill - Interlude 5,Twista - I'm A Winner (Amended Album Version),Danity Kane - Hold Me Down (Album Version),Lauryn Hill - Interlude 5,Twista - I'm A Winner (Amended Album Version),Danity Kane - Hold Me Down (Album Version),The Falcon - The Angry Cry Of The Angry Pie,Voxtrot - Kid Gloves,TO/DIE/FOR - Dying Embers,The Falcon - The Angry Cry Of The Angry Pie,Voxtrot - Kid Gloves,TO/DIE/FOR - Dying Embers
TRJTTMZ128F930924B,SOLDVYF12AB017D892,AR03BDP1187FB5B324,Britney Spears,Can't Make You Love Me,pop,Lauryn Hill - Interlude 5,Twista - I'm A Winner (Amended Album Version),Beastie Boys - B-Boy Bouillabaisse: A.W.O.L. (2009 Digital Remaster),Lauryn Hill - Interlude 5,Twista - I'm A Winner (Amended Album Version),Erykah Badu - I Want You,Anastacia - Club Megamix,Bay City Rollers - Where Will I Be Now,Jonny Lang - Breakin Me,Anastacia - Club Megamix,Bay City Rollers - Where Will I Be Now,Jonny Lang - Breakin Me
TRKGGHK128F42999EF,SOQBVLW12A8C13B29C,AR03BDP1187FB5B324,Britney Spears,Girl In The Mirror,pop,Lauryn Hill - Interlude 5,Beastie Boys - B-Boy Bouillabaisse: A.W.O.L. (2009 Digital Remaster),Twista - I'm A Winner (Amended Album Version),Lauryn Hill - Interlude 5,Beastie Boys - B-Boy Bouillabaisse: A.W.O.L. (2009 Digital Remaster),Twista - I'm A Winner (Amended Album Version),John Denver - El Paso,Corinne Bailey Rae - Emeraldine,Snoop Dogg - Snoopafella (Edited),John Denver - El Paso,Snoop Dogg - Snoopafella (Edited),Corinne Bailey Rae - Emeraldine
TRLTYLK128F92FE6FF,SOWVIEO12AB0182D10,AR03BDP1187FB5B324,Britney Spears,Radar,pop,Lauryn Hill - Interlude 5,Twista - I'm A Winner (Amended Album Version),Beastie Boys - B-Boy Bouillabaisse: A.W.O.L. (2009 Digital Remaster),Lauryn Hill - Interlude 5,Twista - I'm A Winner (Amended Album Version),Beastie Boys - B-Boy Bouillabaisse: A.W.O.L. (2009 Digital Remaster),Twista - Get It How You Live  (Explicit Chopped & Screwed Version),Brother Firetribe - Lover Tonite,Fat Joe - Preacher On A Sunday Morning,Twista - Get It How You Live  (Explicit Chopped & Screwed Version),Brother Firetribe - Lover Tonite,Fat Joe - Preacher On A Sunday Morning
TRNEGIP128F4296261,SOGQSNV12A8C139B54,AR03BDP1187FB5B324,Britney Spears,When Your Eyes Say It,pop,Lauryn Hill - Interlude 5,Twista - I'm A Winner (Amended Album Version),Beastie Boys - B-Boy Bouillabaisse: A.W.O.L. (2009 Digital Remaster),Lauryn Hill - Interlude 5,Twista - I'm A Winner (Amended Album Version),Vanilla Ice - Ice Is Workin' It,R. Kelly - Kickin' It With Your Girlfriend,Sara Gazarek - Yours (Live),Bananarama - Lovebite,R. Kelly - Kickin' It With Your Girlfriend,Sara Gazarek - Yours (Live),Bananarama - Lovebite
TRUWOUE128F14867BF,SOAEEWF12A6D4FAD71,AR6LZB61187B9AF431,Depeche Mode,Precious (Live In Milan),pop,Lauryn Hill - Interlude 5,Beastie Boys - B-Boy Bouillabaisse: A.W.O.L. (2009 Digital Remaster),Twista - I'm A Winner (Amended Album Version),Lauryn Hill - Interlude 5,Twista - I'm A Winner (Amended Album Version),Beastie Boys - B-Boy Bouillabaisse: A.W.O.L. (2009 Digital Remaster),Maxwell - NoOne,Devo - Soft Things,Hieroglyphics - You Never Knew,Maxwell - NoOne,Hieroglyphics - You Never Knew,Dixie Chicks - Mississippi
TRFJKWU12903CC37B1,SOLXVSH12AB018BE14,AR5K3CW1187FB45B46,Crystal Castles,Insectica,punk,Twista - I'm A Winner (Amended Album Version),Lauryn Hill - Interlude 5,Eminem - My Darling,Twista - I'm A Winner (Amended Album Version),Eminem - My Darling,Lauryn Hill - Interlude 5,Hanne Hukkelberg - Displaced,Chanté Moore - When It Comes To Me,Jonny Lang - Breakin Me,Hanne Hukkelberg - Displaced,Jonny Lang - Breakin Me,Chanté Moore - When It Comes To Me
TRVEUUV128F428AB29,SOEFPNV12A8C13A346,ARACDPV1187FB58DF4,Motion City Soundtrack,Cambridge (Album Version),punk,Lauryn Hill - Interlude 5,Beastie Boys - B-Boy Bouillabaisse: A.W.O.L. (2009 Digital Remaster),The Pharcyde - Otha Fish,Lauryn Hill - Interlude 5,Beastie Boys - B-Boy Bouillabaisse: A.W.O.L. (2009 Digital Remaster),The Pharcyde - Otha Fish,The Fray - Over My Head (Cable Car),Gorillaz - Rhinestone Eyes,Vendetta Red - Opiate Summer,The Fray - Over My Head (Cable Car),Gorillaz - Rhinestone Eyes,Dead Can Dance - I Am Stretched On Your Grave (Live Remastered)
TRMZJSE12903D00E60,SOZGAOO12AB017EBA2,ARACDPV1187FB58DF4,Motion City Soundtrack,Disappear,punk,Twista - I'm A Winner (Amended Album Version),Lauryn Hill - Interlude 5,Erykah Badu - I Want You,Twista - I'm A Winner (Amended Album Version),Lauryn Hill - Interlude 5,Erykah Badu - I Want You,Clawfinger - Revenge,Zombie Girl - I Want It,Next - I Still Love You,Clawfinger - Revenge,Zombie Girl - I Want It,Next - I Still Love You
TRIGZIY128F42348C1,SOWMAZE12A58A79390,ARACDPV1187FB58DF4,Motion City Soundtrack,Fell in Love Without You (Cd),punk,Lauryn Hill - Interlude 5,Beastie Boys - B-Boy Bouillabaisse: A.W.O.L. (2009 Digital Remaster),The Pharcyde - Otha Fish,Lauryn Hill - Interlude 5,The Pharcyde - Otha Fish,Beastie Boys - B-Boy Bouillabaisse: A.W.O.L. (2009 Digital Remaster),Level 42 - Lessons In Love,Strung Out - Dead Spaces,Frank Sinatra - In The Blue Of The Evening,Level 42 - Lessons In Love,Strung Out - Dead Spaces,Frank Sinatra - In The Blue Of The Evening
TRZGUYI128F42368DF,SOGAERS12A58A7F67D,ARACDPV1187FB58DF4,Motion City Soundtrack,Point Of Extinction (Cd),punk,Lauryn Hill - Interlude 5,Twista - I'm A Winner (Amended Album Version),Beastie Boys - B-Boy Bouillabaisse: A.W.O.L. (2009 Digital Remaster),Lauryn Hill - Interlude 5,Twista - I'm A Winner (Amended Album Version),Beastie Boys - B-Boy Bouillabaisse: A.W.O.L. (2009 Digital Remaster),Blues Traveler - Hook,Eminem - Rabbit Run,Kenickie - I Never Complain,Eminem - Rabbit Run,Blues Traveler - Hook,Elvis Costello - Puck Two
TRJQRJO12903D00E65,SOBMDGH12AC3DF9D80,ARACDPV1187FB58DF4,Motion City Soundtrack,Stand Too Close,punk,Lauryn Hill - Interlude 5,Twista - I'm A Winner (Amended Album Version),Beastie Boys - B-Boy Bouillabaisse: A.W.O.L. (2009 Digital Remaster),Lauryn Hill - Interlude 5,Twista - I'm A Winner (Amended Album Version),Erykah Badu - I Want You,Elin Sigvardsson - If I,Heavenly - Tool,Brian McKnight - The Biggest Part Of Me,Elin Sigvardsson - If I,Heavenly - Tool,David Allan Coe - Just To Prove My Love For You
TRQMNKZ12903D00E5B,SOSEINE12AC3DF608E,ARACDPV1187FB58DF4,Motion City Soundtrack,Worker Bee,punk,Beastie Boys - B-Boy Bouillabaisse: A.W.O.L. (2009 Digital Remaster),Eminem - 8 Mile,Lauryn Hill - Interlude 5,Beastie Boys - B-Boy Bouillabaisse: A.W.O.L. (2009 Digital Remaster),Eminem - 8 Mile,R. Kelly - I Mean (I Don't Mean It),Common - Book Of Life,Ella Fitzgerald - I Got It Bad (and That Ain't Good),Mac Lethal - Rotten Apple Pie,Common - Book Of Life,Mac Lethal - Rotten Apple Pie,The Pharcyde - Pack The Pipe
TRMZSJY128F4255BE9,SOGKVVX12A81C224D1,ARNBMT71187B993523,Interpol,Mind Over Time,punk,Lauryn Hill - Interlude 5,Beastie Boys - B-Boy Bouillabaisse: A.W.O.L. (2009 Digital Remaster),Rufio - Over It (Acoustic),Lauryn Hill - Interlude 5,Beastie Boys - B-Boy Bouillabaisse: A.W.O.L. (2009 Digital Remaster),Rufio - Over It (Acoustic),The Associates - Logan Time,Demolition Hammer - Mindrot,The Box Tops - Happy Times,The Associates - Logan Time,Demolition Hammer - Mindrot,The Box Tops - Happy Times
TRVQHEV128F4259AB2,SOYQVWF12D0219A2C4,AR13CXU1187B9AD30A,The Clash,I Fought The Law,punk,Lauryn Hill - Interlude 5,Beastie Boys - B-Boy Bouillabaisse: A.W.O.L. (2009 Digital Remaster),Eminem - 8 Mile,Lauryn Hill - Interlude 5,Beastie Boys - B-Boy Bouillabaisse: A.W.O.L. (2009 Digital Remaster),Eminem - 8 Mile,Manafest - Runaway,The Cat Empire - The Car Song,Ramones - Needles And Pins (Remastered Album Version ),Manafest - Runaway,The Cat Empire - The Car Song,Ramones - Needles And Pins (Remastered Album Version )
TRVMLEW128F425A82D,SOFEOUD12D021B1FC4,AR13CXU1187B9AD30A,The Clash,The Magnificent Seven,punk,Lauryn Hill - Interlude 5,Twista - I'm A Winner (Amended Album Version),Michael Jackson - Man In The Mirror,Lauryn Hill - Interlude 5,Twista - I'm A Winner (Amended Album Version),Erykah Badu - I Want You,Kevin Devine - It's Only Your Life,Joss Stone - Killing Time,A Tribe Called Quest - The Hop,Kevin Devine - It's Only Your Life,A Tribe Called Quest - The Hop,Joss Stone - Killing Time
TRWVZBZ128F1462E08,SOKLVHU12A6D4F4778,AR048JZ1187B9AEB85,Yellowcard,Believe,punk,Lauryn Hill - Interlude 5,Beastie Boys - B-Boy Bouillabaisse: A.W.O.L. (2009 Digital Remaster),Twista - I'm A Winner (Amended Album Version),Lauryn Hill - Interlude 5,Beastie Boys - B-Boy Bouillabaisse: A.W.O.L. (2009 Digital Remaster),Ledisi - Alright,Ledisi - Alright,Lauryn Hill - Everything Is Everything,The Enemy - It's Not OK [Live From London],Ledisi - Alright,Lauryn Hill - Everything Is Everything,The Enemy - It's Not OK [Live From London]
TRQYGUV128F1462E01,SOTEFLI12A6D4F4771,AR048JZ1187B9AEB85,Yellowcard,Empty Apartment,punk,Lauryn Hill - Interlude 5,Twista - I'm A Winner (Amended Album Version),Danity Kane - Hold Me Down (Album Version),Lauryn Hill - Interlude 5,Twista - I'm A Winner (Amended Album Version),Danity Kane - Hold Me Down (Album Version),Classified - All About U,Kevin Devine - It's Only Your Life,The Zutons - What's Your Problem,Classified - All About U,Kevin Devine - It's Only Your Life,The Zutons - What's Your Problem
TRBKLDM128F427D0DA,SOMGXHN12A58A7929F,ARZWK2R1187B98F09F,Rise Against,But Tonight We Dance,punk,Lauryn Hill - Interlude 5,Beastie Boys - B-Boy Bouillabaisse: A.W.O.L. (2009 Digital Remaster),Twista - I'm A Winner (Amended Album Version),Lauryn Hill - Interlude 5,Beastie Boys - B-Boy Bouillabaisse: A.W.O.L. (2009 Digital Remaster),Twista - I'm A Winner (Amended Album Version),Vashti Bunyan - Hidden,Atmosphere - Happymess,Elvis Costello - Puck Two,Vashti Bunyan - Hidden,Atmosphere - Happymess,Elvis Costello - Puck Two
TRKSDBX128F9345DC9,SOZQVQL12AB01860A8,ARZWK2R1187B98F09F,Rise Against,Faint Resemblance,punk,Lauryn Hill - Interlude 5,Beastie Boys - B-Boy Bouillabaisse: A.W.O.L. (2009 Digital Remaster),Erykah Badu - I Want You,Lauryn Hill - Interlude 5,Beastie Boys - B-Boy Bouillabaisse: A.W.O.L. (2009 Digital Remaster),Erykah Badu - I Want You,Tony Sly - On the Outside,Dar Williams - Are You Out There,Alannah Myles - I Love You,Tony Sly - On the Outside,Dar Williams - Are You Out There,Alannah Myles - I Love You
TRMGOLR128F933A7DB,SOYDERO12A6D4F72BC,ARZWK2R1187B98F09F,Rise Against,Survive,punk,Lauryn Hill - Interlude 5,Hollywood Undead - Undead,The Prodigy - We Gonna Rock,Lauryn Hill - Interlude 5,The Prodigy - We Gonna Rock,Hollywood Undead - Undead,The Misfits - Static Age,Modern Life Is War - Destination: Death or Better Days,Thompson Twins - We Are Detective,Modern Life Is War - Destination: Death or Better Days,The Misfits - Static Age,Thompson Twins - We Are Detective
TRFNVPY128F92D2626,SOUKLPY12A8C1451A8,ARZWK2R1187B98F09F,Rise Against,The Dirt Whispered,punk,Beastie Boys - B-Boy Bouillabaisse: A.W.O.L. (2009 Digital Remaster),Lauryn Hill - Interlude 5,Eminem - 8 Mile,Beastie Boys - B-Boy Bouillabaisse: A.W.O.L. (2009 Digital Remaster),Lauryn Hill - Interlude 5,Eminem - 8 Mile,Common - Book Of Life,RODNEY CROWELL - Preachin' To The Choir,Wade Hayes - I'm Still Dancin' With You,Common - Book Of Life,RODNEY CROWELL - Preachin' To The Choir,Wade Hayes - I'm Still Dancin' With You
TRPSYVF128F428A446,SOQAAVL12A8C13C158,ARP28RX1187B9AF6C4,The Offspring,Get It Right (Album Version),punk,Lauryn Hill - Interlude 5,Beastie Boys - B-Boy Bouillabaisse: A.W.O.L. (2009 Digital Remaster),Twista - I'm A Winner (Amended Album Version),Lauryn Hill - Interlude 5,Beastie Boys - B-Boy Bouillabaisse: A.W.O.L. (2009 Digital Remaster),Twista - I'm A Winner (Amended Album Version),Veruca Salt - Stoneface,New Found Glory - I'll Never Love Again,Gang Starr - Code Of The Streets (Explicit),Veruca Salt - Stoneface,New Found Glory - I'll Never Love Again,Gang Starr - Code Of The Streets (Explicit)
TROGTUS128F932D6CB,SOSVNOS12AB01831D7,ARP28RX1187B9AF6C4,The Offspring,Want You Bad,punk,Lauryn Hill - Interlude 5,Twista - I'm A Winner (Amended Album Version),Erykah Badu - I Want You,Lauryn Hill - Interlude 5,Twista - I'm A Winner (Amended Album Version),Erykah Badu - I Want You,Beastie Boys - So What'Cha Want (Butt Naked Version) (Explicit) (2009 Digital Remaster),Clawfinger - Revenge,Angela Bofill - I Try,Beastie Boys - So What'Cha Want (Butt Naked Version) (Explicit) (2009 Digital Remaster),Clawfinger - Revenge,Angela Bofill - I Try
TRZVPFY128F92E19DF,SOPXOZV12AAF3B462D,ARP28RX1187B9AF6C4,The Offspring,Staring At The Sun,punk,Lauryn Hill - Interlude 5,Twista - I'm A Winner (Amended Album Version),Beastie Boys - B-Boy Bouillabaisse: A.W.O.L. (2009 Digital Remaster),Lauryn Hill - Interlude 5,Twista - I'm A Winner (Amended Album Version),Eminem - My Darling,Kevin Devine - Fever Moon,Clawfinger - Revenge,Amanda Jenssen - Don't Worry,Kevin Devine - Fever Moon,Clawfinger - Revenge,Amanda Jenssen - Don't Worry
TRGAEVY128F428BEF6,SOWLEBB12A8C13972F,AR46CAD1187FB4D84B,Bad Religion,Operation Rescue,punk,Lauryn Hill - Interlude 5,Beastie Boys - B-Boy Bouillabaisse: A.W.O.L. (2009 Digital Remaster),Eminem - My Darling,Lauryn Hill - Interlude 5,Beastie Boys - B-Boy Bouillabaisse: A.W.O.L. (2009 Digital Remaster),Eminem - My Darling,Fad Gadget - Plain Clothes,Suffocation - Brood Of Hatred (Album Version),Built To Spill - Planting Seeds,Fad Gadget - Plain Clothes,Suffocation - Brood Of Hatred (Album Version),Built To Spill - Planting Seeds
TRPTWJT128F422F239,SOAOSYE12A6D4FB832,AR10USD1187B99F3F1,Silverstein,When Broken Is Easily Fixed (Album Version),punk,Lauryn Hill - Interlude 5,Danity Kane - Hold Me Down (Album Version),Five - That's What You Told Me,Lauryn Hill - Interlude 5,Danity Kane - Hold Me Down (Album Version),Five - That's What You Told Me,Jill Scott - He Loves Me (Lyzel In E Flat),Michael Penn - Comfort,Taylor Swift - Crazier,Jill Scott - He Loves Me (Lyzel In E Flat),Michael Penn - Comfort,Taylor Swift - Crazier
TRPYGVQ128E078EFE9,SOEDBQL12A670213B3,ARWA6NT1187FB3F15C,The Cure,Want,punk,Lauryn Hill - Interlude 5,Twista - I'm A Winner (Amended Album Version),Erykah Badu - I Want You,Lauryn Hill - Interlude 5,Twista - I'm A Winner (Amended Album Version),Erykah Badu - I Want You,Beastie Boys - So What'Cha Want (Butt Naked Version) (Explicit) (2009 Digital Remaster),Bouncing Souls_ The - Pervert,Shania Twain - All Fired Up_ No Place To Go,Beastie Boys - So What'Cha Want (Butt Naked Version) (Explicit) (2009 Digital Remaster),Bouncing Souls_ The - Pervert,Shania Twain - All Fired Up_ No Place To Go
TRJNMGP128F92E0427,SOGXZZI12AAF3B2704,AR8UICP11C8A4154FD,Hey Monday,Josey,punk,Lauryn Hill - Interlude 5,Beastie Boys - B-Boy Bouillabaisse: A.W.O.L. (2009 Digital Remaster),Daft Punk - Touch It / Technologic,Lauryn Hill - Interlude 5,Daft Punk - Touch It / Technologic,Beastie Boys - B-Boy Bouillabaisse: A.W.O.L. (2009 Digital Remaster),The Bluetones - Carnt Be Trusted,Bruce Hornsby and the Range - The Way It Is,Raine Maida - Earthless,The Bluetones - Carnt Be Trusted,Bruce Hornsby and the Range - The Way It Is,Raine Maida - Earthless
TRVWMAR128F425A2DA,SOMFMFC12A8AE45B47,AR13CXU1187B9AD30A,The Clash,1-2 Crush On You,punk,Twista - I'm A Winner (Amended Album Version),Lauryn Hill - Interlude 5,Erykah Badu - I Want You,Twista - I'm A Winner (Amended Album Version),Lauryn Hill - Interlude 5,Erykah Badu - I Want You,Electric Light Orchestra - Auntie (Ma-Ma-Ma Belle),Brian McKnight - Holdin' On [Missin' U] (Album Version),Mel & Kim - System,Electric Light Orchestra - Auntie (Ma-Ma-Ma Belle),Brian McKnight - Holdin' On [Missin' U] (Album Version),Mel & Kim - System
TRCKZBM128F425A2DD,SOJPDPR12A8AE45B50,AR13CXU1187B9AD30A,The Clash,Brand New Cadillac,punk,Lauryn Hill - Interlude 5,Twiztid - She Ain't Afraid,K-Ci & JoJo - Baby Come Back,Lauryn Hill - Interlude 5,K-Ci & JoJo - Baby Come Back,Twiztid - She Ain't Afraid,Billy Squier - She's A Runner (24-Bit Digitally Remastered 02),Asaf Avidan & the Mojos - Over You Blues,Willie Dixon - That's My Baby,Billy Squier - She's A Runner (24-Bit Digitally Remastered 02),Asaf Avidan & the Mojos - Over You Blues,Willie Dixon - That's My Baby
TRCFCHA128F4259A75,SORYRRU12A8AE45B60,AR13CXU1187B9AD30A,The Clash,Cool Confusion,punk,Lauryn Hill - Interlude 5,Beastie Boys - B-Boy Bouillabaisse: A.W.O.L. (2009 Digital Remaster),The Pharcyde - Otha Fish,Lauryn Hill - Interlude 5,Beastie Boys - B-Boy Bouillabaisse: A.W.O.L. (2009 Digital Remaster),The Pharcyde - Otha Fish,The Supremes - Stranger In Paradise,The Itals - In Deh,The Be Good Tanyas - Midnight Moonlight,The Supremes - Stranger In Paradise,Wu-Tang Clan - The What,The Itals - In Deh
TRYSJKQ128F4259A73,SOKVAFU12A8AE46882,AR13CXU1187B9AD30A,The Clash,First Night Back In London,punk,Lauryn Hill - Interlude 5,Beastie Boys - B-Boy Bouillabaisse: A.W.O.L. (2009 Digital Remaster),Twista - I'm A Winner (Amended Album Version),Beastie Boys - B-Boy Bouillabaisse: A.W.O.L. (2009 Digital Remaster),Lauryn Hill - Interlude 5,Twista - I'm A Winner (Amended Album Version),A Tribe Called Quest - Baby Phife's Return,John Denver - El Paso,Beastie Boys - B-Boy Bouillabaisse: A.W.O.L. (2009 Digital Remaster),A Tribe Called Quest - Baby Phife's Return,John Denver - El Paso,Beastie Boys - B-Boy Bouillabaisse: A.W.O.L. (2009 Digital Remaster)
TRAQKVC128F425E65C,SOUTRYP12A8AE46BC6,AR13CXU1187B9AD30A,The Clash,Inoculated City,punk,Lauryn Hill - Interlude 5,Ja Rule - One of Us,Beastie Boys - B-Boy Bouillabaisse: A.W.O.L. (2009 Digital Remaster),Lauryn Hill - Interlude 5,Ja Rule - One of Us,Beastie Boys - B-Boy Bouillabaisse: A.W.O.L. (2009 Digital Remaster),Immortal Technique - The 4th Branch,Don Francisco - Adam_ Where Are You?,Andrew Lloyd Webber - Masquerade,Immortal Technique - The 4th Branch,Andrew Lloyd Webber - Masquerade,Don Francisco - Adam_ Where Are You?
TRUASIU128F425A1D7,SOKPHTL12A8AE47058,AR13CXU1187B9AD30A,The Clash,Lost In The Supermarket,punk,Beastie Boys - B-Boy Bouillabaisse: A.W.O.L. (2009 Digital Remaster),Eminem - 8 Mile,Mario Vazquez - Everytime I...,Beastie Boys - B-Boy Bouillabaisse: A.W.O.L. (2009 Digital Remaster),Eminem - 8 Mile,Mario Vazquez - Everytime I...,Mary Black - Raven In The Storm,Patricia Barber - The Moon,Mest - Can't Take This (Album Version),Mary Black - Raven In The Storm,Patricia Barber - The Moon,Mest - Can't Take This (Album Version)
TROLGMC128F4259BB8,SOMAATM12A8AE45E6A,AR13CXU1187B9AD30A,The Clash,Overpowered By Funk,punk,Lauryn Hill - Interlude 5,Beastie Boys - B-Boy Bouillabaisse: A.W.O.L. (2009 Digital Remaster),Twista - I'm A Winner (Amended Album Version),Lauryn Hill - Interlude 5,Beastie Boys - B-Boy Bouillabaisse: A.W.O.L. (2009 Digital Remaster),Twista - I'm A Winner (Amended Album Version),Funkadelic - One Nation Under A Groove,Free - Mr. Big,Anastacia - Club Megamix,Funkadelic - One Nation Under A Groove,Anastacia - Club Megamix,Free - Mr. Big
TRMQMTC128F428A516,SOSTMID12A8C13A27B,AR46CAD1187FB4D84B,Bad Religion,Automatic Man (Album Version),punk,Lauryn Hill - Interlude 5,Beastie Boys - B-Boy Bouillabaisse: A.W.O.L. (2009 Digital Remaster),Michael Jackson - Man In The Mirror,Lauryn Hill - Interlude 5,Propellerheads - Velvet Pants,Beastie Boys - B-Boy Bouillabaisse: A.W.O.L. (2009 Digital Remaster),Bill Withers - Who Is He? (And What Is He To You?),Bellamy Brothers - Old Hippie,Suicidal Tendencies - Possessed To Skate,Bill Withers - Who Is He? (And What Is He To You?),Bellamy Brothers - Old Hippie,Suicidal Tendencies - Possessed To Skate
TRQENBA128F426093C,SOQLMHB12A8C1384BF,AR46CAD1187FB4D84B,Bad Religion,Chimaera (Album Version),punk,Lauryn Hill - Interlude 5,Twista - I'm A Winner (Amended Album Version),Eminem - My Darling,Lauryn Hill - Interlude 5,Twista - I'm A Winner (Amended Album Version),Eminem - My Darling,Small Sins - She's The Source,Anacrusis - What You Became,Bunny Wailer - Roots,Small Sins - She's The Source,Anacrusis - What You Became,Bunny Wailer - Roots
TRJCXHB128F428AC5B,SOLDKOL12A8C1392D1,AR46CAD1187FB4D84B,Bad Religion,Damned to Be Free (Album Version),punk,Lauryn Hill - Interlude 5,Beastie Boys - B-Boy Bouillabaisse: A.W.O.L. (2009 Digital Remaster),Vanilla Ice - Ice Is Workin' It,Lauryn Hill - Interlude 5,Vanilla Ice - Ice Is Workin' It,Beastie Boys - B-Boy Bouillabaisse: A.W.O.L. (2009 Digital Remaster),Tonedeff - Ridiculous,Dan Le Sac vs Scroobius Pip - Fixed,Bird York - Lovely Thing,Tonedeff - Ridiculous,Dan Le Sac vs Scroobius Pip - Fixed,Bird York - Lovely Thing
TRHWAPL128F428BEEE,SOSHLOP12A8C13971C,AR46CAD1187FB4D84B,Bad Religion,Get Off,punk,Lauryn Hill - Interlude 5,Beastie Boys - B-Boy Bouillabaisse: A.W.O.L. (2009 Digital Remaster),Eminem - 8 Mile,Lauryn Hill - Interlude 5,Beastie Boys - B-Boy Bouillabaisse: A.W.O.L. (2009 Digital Remaster),Eminem - 8 Mile,Common - Book Of Life,Manafest - Runaway,The Mighty Mighty Bosstones - Someday I Suppose,Common - Book Of Life,Manafest - Runaway,The Mighty Mighty Bosstones - Someday I Suppose
TRHYIAH128F14825EC,SOLIECS12A6310F220,AROBHK51187B9AD82B,Funeral For A Friend,Juneau,punk,Beastie Boys - B-Boy Bouillabaisse: A.W.O.L. (2009 Digital Remaster),Lauryn Hill - Interlude 5,Life Without Buildings - New Town,Beastie Boys - B-Boy Bouillabaisse: A.W.O.L. (2009 Digital Remaster),Life Without Buildings - New Town,Lauryn Hill - Interlude 5,Mary Black - Raven In The Storm,Swollen Members - Switchblade,Gorefest - Super Reality,Swollen Members - Switchblade,Mary Black - Raven In The Storm,Gorefest - Super Reality
TRWMODL128F92E7E2A,SOLOBYS12AB017B614,ARUUP451187B9AF56E,Wire,Another The letter,punk,The Pharcyde - Otha Fish,Michael Jackson - Man In The Mirror,Lauryn Hill - Interlude 5,The Pharcyde - Otha Fish,Michael Jackson - Man In The Mirror,Lauryn Hill - Interlude 5,Ayreon - Prologue,Cinderella Effect - Israel,The Itals - In Deh,Ayreon - Prologue,Cinderella Effect - Israel,Subtle - Requiem for a Dive
TRABGYE128E078278A,SODQTSE12A6310D90B,ARUUP451187B9AF56E,Wire,Strange,punk,Public Enemy - Go Cat Go,Beastie Boys - B-Boy Bouillabaisse: A.W.O.L. (2009 Digital Remaster),Lauryn Hill - Interlude 5,Public Enemy - Go Cat Go,Bowling For Soup - Here We Go,The Pharcyde - Otha Fish,Kelis - Trilogy,The Departure - Arms Around Me (BBC 6Music Session),Belleruche - Bought & Sold,Kelis - Trilogy,The Departure - Arms Around Me (BBC 6Music Session),Belleruche - Bought & Sold
TRBAQPR128F92F4AB0,SODLLJJ12A8C141D54,ARDT4K91187FB53602,The Wonder Years,Dude_ What Is a Land Pirate?,punk,Lauryn Hill - Interlude 5,Beastie Boys - B-Boy Bouillabaisse: A.W.O.L. (2009 Digital Remaster),Erykah Badu - I Want You,Lauryn Hill - Interlude 5,Erykah Badu - I Want You,Beastie Boys - B-Boy Bouillabaisse: A.W.O.L. (2009 Digital Remaster),Chantal Kreviazuk - Ghosts Of You,Hollywood Undead - Undead,Digable Planets - Slowes' Comb/The May 4th Movement starring Doodlebug,Chantal Kreviazuk - Ghosts Of You,Hollywood Undead - Undead,Digable Planets - Slowes' Comb/The May 4th Movement starring Doodlebug
TRVOTRF128F148AE44,SOYCTSV12A6D4FB43C,ARMKNC21187FB4696B,Dashboard Confessional,Again I Go Unnoticed,punk,Lauryn Hill - Interlude 5,Beastie Boys - B-Boy Bouillabaisse: A.W.O.L. (2009 Digital Remaster),Eminem - My Darling,Lauryn Hill - Interlude 5,Beastie Boys - B-Boy Bouillabaisse: A.W.O.L. (2009 Digital Remaster),Life Without Buildings - New Town,Dawn of Relic - The Awakening,Bebo Norman - Other Side of Day,Assemblage 23 - MAPS OF REALITY,Bebo Norman - Other Side of Day,Dawn of Relic - The Awakening,Majesty - Lord Of The Damned
TRRERUT128F1477144,SOWSXYV12A58A7CCC3,ARMKNC21187FB4696B,Dashboard Confessional,Carry This Picture,punk,Lauryn Hill - Interlude 5,Beastie Boys - B-Boy Bouillabaisse: A.W.O.L. (2009 Digital Remaster),Eminem - 8 Mile,Lauryn Hill - Interlude 5,Beastie Boys - B-Boy Bouillabaisse: A.W.O.L. (2009 Digital Remaster),Eminem - 8 Mile,Andrea Bocelli - I Believe,The Cat Empire - The Car Song,Lacuna Coil - Soul Into Hades,Andrea Bocelli - I Believe,The Cat Empire - The Car Song,Lacuna Coil - Soul Into Hades
TRHGTHE128F428B4C3,SOVJEHL12A8C13B495,ARPDVPJ1187B9ADBE9,Usher,U R The One,r&b/soul,Lauryn Hill - Interlude 5,Twista - I'm A Winner (Amended Album Version),Beastie Boys - B-Boy Bouillabaisse: A.W.O.L. (2009 Digital Remaster),Lauryn Hill - Interlude 5,Twista - I'm A Winner (Amended Album Version),Erykah Badu - I Want You,Kat DeLuna - Run The Show,Good Old War - Tell Me (Acoustic),Avant - Y.O.U.,Kat DeLuna - Run The Show,Good Old War - Tell Me (Acoustic),Jonny Lang - Breakin Me
TREIEOO128F42B0099,SOJPTRM12A8C14003B,ARXOTQH1187FB57084,Chris Brown,Ain't No Way (You Won't Love Me),r&b/soul,Lauryn Hill - Interlude 5,Twista - I'm A Winner (Amended Album Version),Danity Kane - Hold Me Down (Album Version),Lauryn Hill - Interlude 5,Twista - I'm A Winner (Amended Album Version),Danity Kane - Hold Me Down (Album Version),Natasha Bedingfield - Stumble,Michael McDonald - You Don't Know Me,Hilary Duff - Play With Fire,Natasha Bedingfield - Stumble,Michael McDonald - You Don't Know Me,Hilary Duff - Play With Fire
TRRZSBO128F428BE44,SOGEKBX12A8C13ACE1,ARPDVPJ1187B9ADBE9,Usher,Nice & Slow,r&b/soul,Lauryn Hill - Interlude 5,Twista - I'm A Winner (Amended Album Version),Erykah Badu - I Want You,Lauryn Hill - Interlude 5,Twista - I'm A Winner (Amended Album Version),Erykah Badu - I Want You,Avant - I Wanna Know,Al Jarreau - Look What You've Done For Me,Hawthorne Heights - Rescue Me,Avant - I Wanna Know,Al Jarreau - Look What You've Done For Me,Ginuwine - Only When ur Lonely
TRMZSRG128F428BE3F,SOPEKWP12A8C138692,ARPDVPJ1187B9ADBE9,Usher,Roni,r&b/soul,Lauryn Hill - Interlude 5,Twista - I'm A Winner (Amended Album Version),Beastie Boys - B-Boy Bouillabaisse: A.W.O.L. (2009 Digital Remaster),Lauryn Hill - Interlude 5,Twista - I'm A Winner (Amended Album Version),Beastie Boys - B-Boy Bouillabaisse: A.W.O.L. (2009 Digital Remaster),Nick Cave & The Bad Seeds - She Passed By My Window,Rickie Lee Jones - My One And Only Love,Mark Wills - She's In Love,Nick Cave & The Bad Seeds - She Passed By My Window,Rickie Lee Jones - My One And Only Love,Mark Wills - She's In Love
TRENECR128F92DAC48,SOOPTMD12A8AE46BFE,ARXOTQH1187FB57084,Chris Brown,Damage,r&b/soul,Lauryn Hill - Interlude 5,Twista - I'm A Winner (Amended Album Version),Beastie Boys - B-Boy Bouillabaisse: A.W.O.L. (2009 Digital Remaster),Lauryn Hill - Interlude 5,Twista - I'm A Winner (Amended Album Version),Beastie Boys - B-Boy Bouillabaisse: A.W.O.L. (2009 Digital Remaster),R. Kelly - Kickin' It With Your Girlfriend,Mario Vazquez - Everytime I...,Less Than Jake - I Think I Love You,R. Kelly - Kickin' It With Your Girlfriend,The Puppini Sisters - I Will Survive,Mario Vazquez - Everytime I...
TRIAONH128F9340E62,SOCTATF12A58A77508,ARXOTQH1187FB57084,Chris Brown,Gotta Be Ur Man,r&b/soul,Lauryn Hill - Interlude 5,Twista - I'm A Winner (Amended Album Version),Beastie Boys - B-Boy Bouillabaisse: A.W.O.L. (2009 Digital Remaster),Twista - I'm A Winner (Amended Album Version),Lauryn Hill - Interlude 5,Erykah Badu - I Want You,Melanie Thornton - I Apologize,Blackstreet - Happy Song (Tonite),Esmée Denters - Getting Over You,Melanie Thornton - I Apologize,Blackstreet - Happy Song (Tonite),Esmée Denters - Getting Over You
TRFBNCQ128F9302AD9,SORWAEG12AB0181063,ARCGJ6U1187FB4D01F,Akon,Birthmark,r&b/soul,Lauryn Hill - Interlude 5,Eminem - My Darling,Marques Houston - Cancel (Album Version),Fatboy Slim - Acid 8000,Marques Houston - Cancel (Album Version),Eminem - My Darling,Rooney - When Did Your Heart Go Missing?,Jamie Cullum - Where Is Your Heart At?,Eric Burdon - Heart Attack,Rooney - When Did Your Heart Go Missing?,Jamie Cullum - Where Is Your Heart At?,Eric Burdon - Heart Attack
TRPZAPZ128F9341D3E,SOUFNEL12D021B2AEB,ARLMXEA1187B9A7D04,R. Kelly,Don't You Say No,r&b/soul,Lauryn Hill - Interlude 5,Twista - I'm A Winner (Amended Album Version),Erykah Badu - I Want You,Lauryn Hill - Interlude 5,Erykah Badu - I Want You,Twista - I'm A Winner (Amended Album Version),Kelly Price - Don't Say Goodbye,Nat King Cole - If You Can't Smile And Say Yes,Bad Brains - Don't Bother Me (Bad Brains),Kelly Price - Don't Say Goodbye,Nat King Cole - If You Can't Smile And Say Yes,Bad Brains - Don't Bother Me (Bad Brains)
TRGHYGG12903CAC100,SORLWRB12D02199388,ARLMXEA1187B9A7D04,R. Kelly,Kickin' It With Your Girlfriend,r&b/soul,Lauryn Hill - Interlude 5,Beastie Boys - B-Boy Bouillabaisse: A.W.O.L. (2009 Digital Remaster),Twista - I'm A Winner (Amended Album Version),Lauryn Hill - Interlude 5,Beastie Boys - B-Boy Bouillabaisse: A.W.O.L. (2009 Digital Remaster),Twista - I'm A Winner (Amended Album Version),Lloyd Cole - I Didn't Know That You Cared,King Tee - Guitar Playin',Blues Traveler - Hook,King Tee - Guitar Playin',Lloyd Cole - I Didn't Know That You Cared,Blues Traveler - Hook
TRNEYNN128F92C21F7,SOZEFCO12D02193313,ARLMXEA1187B9A7D04,R. Kelly,Rise Up,r&b/soul,Lauryn Hill - Interlude 5,Twista - I'm A Winner (Amended Album Version),Eminem - My Darling,Lauryn Hill - Interlude 5,Twista - I'm A Winner (Amended Album Version),Eminem - My Darling,Flobots - Rise,Big Moe - S.U.C.,The Pharcyde - Hey You,Flobots - Rise,Big Moe - S.U.C.,Hollywood Undead - Undead
TRRSRXG128E07888AF,SOTFWWF12A67020F44,ARKSZW81187B9B695D,Mariah Carey,Joy Ride,r&b/soul,Lauryn Hill - Interlude 5,Beastie Boys - B-Boy Bouillabaisse: A.W.O.L. (2009 Digital Remaster),Erykah Badu - I Want You,Lauryn Hill - Interlude 5,Erykah Badu - I Want You,Beastie Boys - B-Boy Bouillabaisse: A.W.O.L. (2009 Digital Remaster),Sean Kingston - Magical,Leo Sayer - We've Got Ourselves In Love ,Ima Robot - Lovers In Captivity,Sean Kingston - Magical,Leo Sayer - We've Got Ourselves In Love ,Ima Robot - Lovers In Captivity
TRONPIZ128F1454219,SOKLOOH12A6D4F6EED,ARKSZW81187B9B695D,Mariah Carey,Sprung,r&b/soul,Lauryn Hill - Interlude 5,Twista - I'm A Winner (Amended Album Version),Erykah Badu - I Want You,Lauryn Hill - Interlude 5,Twista - I'm A Winner (Amended Album Version),Erykah Badu - I Want You,Hawthorne Heights - Rescue Me,Thalia - Alguien Real (Baby_ I'm In Love),Syleena Johnson - All Of Me,Hawthorne Heights - Rescue Me,Thalia - Alguien Real (Baby_ I'm In Love),Amos Lee - Supply & Demand
TRJKYAO128F427420D,SOSEWHU12A8AE484E5,ARKSZW81187B9B695D,Luther Vandross,Never Too Much,r&b/soul,Lauryn Hill - Interlude 5,Beastie Boys - B-Boy Bouillabaisse: A.W.O.L. (2009 Digital Remaster),Twista - I'm A Winner (Amended Album Version),Lauryn Hill - Interlude 5,Beastie Boys - B-Boy Bouillabaisse: A.W.O.L. (2009 Digital Remaster),Twista - I'm A Winner (Amended Album Version),Nat King Cole - She's Funny That Way,Phyllis Hyman - Heavenly,Webb Pierce - I Ain't Never,Nat King Cole - She's Funny That Way,Phyllis Hyman - Heavenly,Webb Pierce - I Ain't Never
TRYGRKO128F9343244,SOMBFBA12A8C13D236,ARLMXEA1187B9A7D04,R. Kelly,Chocolate Factory,r&b/soul,Lauryn Hill - Interlude 5,Beastie Boys - B-Boy Bouillabaisse: A.W.O.L. (2009 Digital Remaster),Eminem - My Darling,Lauryn Hill - Interlude 5,Beastie Boys - B-Boy Bouillabaisse: A.W.O.L. (2009 Digital Remaster),Eminem - My Darling,Clifford T Ward - A Day To Myself,Clannad - Second Nature,Joan Baez - The Lily Of The West,Clifford T Ward - A Day To Myself,Clannad - Second Nature,Toby Keith - Sweet
TROIJDA128F9341E70,SOCUXGX12A8C13B78C,ARLMXEA1187B9A7D04,R. Kelly,I Mean (I Don't Mean It),r&b/soul,Erykah Badu - I Want You,Lauryn Hill - Interlude 5,Twista - I'm A Winner (Amended Album Version),Erykah Badu - I Want You,Lauryn Hill - Interlude 5,Twista - I'm A Winner (Amended Album Version),Millencolin - Random I Am (Album Version),G-Unit - I Don't Want To Talk About It,Macy Gray - Shoo Be Doo,Millencolin - Random I Am (Album Version),G-Unit - I Don't Want To Talk About It,Macy Gray - Shoo Be Doo
TRXTJGV12903CAC0F8,SOJYYAN12A58A790B1,ARLMXEA1187B9A7D04,R. Kelly,In The Kitchen,r&b/soul,Lauryn Hill - Interlude 5,Twista - I'm A Winner (Amended Album Version),Beastie Boys - B-Boy Bouillabaisse: A.W.O.L. (2009 Digital Remaster),Lauryn Hill - Interlude 5,Twista - I'm A Winner (Amended Album Version),Beastie Boys - B-Boy Bouillabaisse: A.W.O.L. (2009 Digital Remaster),Honeycut - Crowded Avenue,Grandmaster Flash - Them Jeans,Scooter - Time And Space,Honeycut - Crowded Avenue,Grandmaster Flash - Them Jeans,Scooter - Time And Space
TRTWRQD12903CA9E3B,SOCDGAR12AB018CE44,AR52EZT1187B9900BF,Alicia Keys,Distance And Time,r&b/soul,Lauryn Hill - Interlude 5,Twista - I'm A Winner (Amended Album Version),Erykah Badu - I Want You,Lauryn Hill - Interlude 5,Twista - I'm A Winner (Amended Album Version),Erykah Badu - I Want You,Beverley Craven - Promise Me,Burden Of A Day - My Forfeit,Hello Saferide - Get Sick Soon,Beverley Craven - Promise Me,Burden Of A Day - My Forfeit,Hello Saferide - Get Sick Soon
TRWPMRK12903CCDA98,SOWGUXF12AB0185700,AR52EZT1187B9900BF,Alicia Keys,Lover Man,r&b/soul,Lauryn Hill - Interlude 5,Beastie Boys - B-Boy Bouillabaisse: A.W.O.L. (2009 Digital Remaster),Michael Jackson - Man In The Mirror,Lauryn Hill - Interlude 5,Beastie Boys - B-Boy Bouillabaisse: A.W.O.L. (2009 Digital Remaster),Michael Jackson - Man In The Mirror,Diana King - Can't Do Without You,Cree Summer - Miss Moon,Atmosphere - Hair,Diana King - Can't Do Without You,Atmosphere - Hair,The Jazz Butcher - She's On Drugs
TRMTTBA128F429A7EC,SOSYUFF12A8C13C104,AR52EZT1187B9900BF,Alicia Keys,Nobody Not Really (Interlude),r&b/soul,Beastie Boys - B-Boy Bouillabaisse: A.W.O.L. (2009 Digital Remaster),Eminem - 8 Mile,Nelly - Splurge,Beastie Boys - B-Boy Bouillabaisse: A.W.O.L. (2009 Digital Remaster),Eminem - 8 Mile,Nelly - Splurge,Charley Patton - Down The Dirt Road Blues,Raine Maida - Confessional,The Distillers - I Understand,Charley Patton - Down The Dirt Road Blues,Raine Maida - Confessional,Z-RO - Pain
TRWCVWH128F4284EE5,SOIYWLQ12AF729E318,AR52EZT1187B9900BF,Alicia Keys,Piano & I,r&b/soul,Lauryn Hill - Interlude 5,Erykah Badu - I Want You,Twista - I'm A Winner (Amended Album Version),Lauryn Hill - Interlude 5,Erykah Badu - I Want You,Twista - I'm A Winner (Amended Album Version),Frankie J - Without You,Permanent Me - Heartattack,Big Star - I Am The Cosmos,Frankie J - Without You,Permanent Me - Heartattack,Binary Star - Honest Expression
TRQQLZD128F425E9BC,SOYSABZ12A58A7CAE3,AR52EZT1187B9900BF,Alicia Keys,Tell You Something (Nana's Reprise),r&b/soul,R. Kelly - I Mean (I Don't Mean It),Lauryn Hill - Interlude 5,Twista - I'm A Winner (Amended Album Version),R. Kelly - I Mean (I Don't Mean It),Erykah Badu - I Want You,Lauryn Hill - Interlude 5,Joe Bonamassa - Ball Peen Hammer,Kristin Hersh - Tuesday Night,Toni Braxton - Love Affair,Joe Bonamassa - Ball Peen Hammer,Kristin Hersh - Tuesday Night,Toni Braxton - Love Affair
TREAJBV12903CCDA96,SOVRMZU12AB017FE90,AR52EZT1187B9900BF,Alicia Keys,Try Sleeping With A Broken Heart,r&b/soul,Lauryn Hill - Interlude 5,Twista - I'm A Winner (Amended Album Version),Danity Kane - Hold Me Down (Album Version),Twista - I'm A Winner (Amended Album Version),Lauryn Hill - Interlude 5,Danity Kane - Hold Me Down (Album Version),Barry White - Never Gonna Give You Up,Erin McKeown - Fast As I Can,Liz Phair - Go On Ahead,Barry White - Never Gonna Give You Up,Erin McKeown - Fast As I Can,Liz Phair - Go On Ahead
TRDFWVZ128F4284EF0,SODFKEG12AF72A4E66,AR52EZT1187B9900BF,Alicia Keys,Why Do I Feel So Sad,r&b/soul,Lauryn Hill - Interlude 5,Beastie Boys - B-Boy Bouillabaisse: A.W.O.L. (2009 Digital Remaster),R. Kelly - I Mean (I Don't Mean It),Lauryn Hill - Interlude 5,Beastie Boys - B-Boy Bouillabaisse: A.W.O.L. (2009 Digital Remaster),Erykah Badu - I Want You,Brian McKnight - Try Our Love Again,Classified - Freezin In The Cold,Todd Rundgren - Lost Horizon,Brian McKnight - Try Our Love Again,Classified - Freezin In The Cold,Todd Rundgren - Lost Horizon
TRFRUCJ128F4284EF2,SOKILIB12D021B411C,AR52EZT1187B9900BF,Alicia Keys,Lovin U,r&b/soul,Lauryn Hill - Interlude 5,Twista - I'm A Winner (Amended Album Version),Erykah Badu - I Want You,Lauryn Hill - Interlude 5,Twista - I'm A Winner (Amended Album Version),Erykah Badu - I Want You,Keziah Jones - Rhythm Is Love,Commodores - Easy,The Charlatans - Dead Love,Keziah Jones - Rhythm Is Love,Commodores - Easy,The Charlatans - Dead Love
TRXONIT128F9355F39,SOMSIJG12AF72AD5CE,ARQFENL121318C58A6,Jeremih,My Ride,r&b/soul,Beastie Boys - B-Boy Bouillabaisse: A.W.O.L. (2009 Digital Remaster),Lauryn Hill - Interlude 5,The Roots - Mellow My Man,Beastie Boys - B-Boy Bouillabaisse: A.W.O.L. (2009 Digital Remaster),The Roots - Mellow My Man,Britney Spears - Radar,2Pac - Strictly 4 My N.I.G.G.A.Z.,Anita Baker - In My Heart,Kottonmouth Kings - Bump,2Pac - Strictly 4 My N.I.G.G.A.Z.,Anita Baker - In My Heart,Kottonmouth Kings - Bump
TRURHNH128F9355F33,SONEKBK12AB017C335,ARQFENL121318C58A6,Jeremih,Starting All Over,r&b/soul,Lauryn Hill - Interlude 5,Eminem - 8 Mile,Beastie Boys - B-Boy Bouillabaisse: A.W.O.L. (2009 Digital Remaster),Lauryn Hill - Interlude 5,Eminem - 8 Mile,Beastie Boys - B-Boy Bouillabaisse: A.W.O.L. (2009 Digital Remaster),Eminem - 8 Mile,Ashley MacIsaac - I Don't Need This,Blues Traveler - Hook,Eminem - 8 Mile,Ashley MacIsaac - I Don't Need This,Blues Traveler - Hook
TRBVOUE128F92F4B3E,SOLYDSR12D021902F1,ARIL5841187FB5C061,Duffy,Oh Boy,r&b/soul,Beastie Boys - B-Boy Bouillabaisse: A.W.O.L. (2009 Digital Remaster),Lauryn Hill - Interlude 5,Twista - I'm A Winner (Amended Album Version),Beastie Boys - B-Boy Bouillabaisse: A.W.O.L. (2009 Digital Remaster),Lauryn Hill - Interlude 5,Twista - I'm A Winner (Amended Album Version),Ledisi - Best Friend,Hank Thompson - Drivin' Nails In My Coffin,Canned Heat - Dust My Broom,Ledisi - Best Friend,Canned Heat - Dust My Broom,Elmore James - Dust My Broom
TRTAKII128F92E4449,SOKHIOI12A8C141E73,AR9B7FG1187B9A5C96,Jay Sean,Maybe,r&b/soul,Lauryn Hill - Interlude 5,Twista - I'm A Winner (Amended Album Version),Beastie Boys - B-Boy Bouillabaisse: A.W.O.L. (2009 Digital Remaster),Lauryn Hill - Interlude 5,Twista - I'm A Winner (Amended Album Version),Beastie Boys - B-Boy Bouillabaisse: A.W.O.L. (2009 Digital Remaster),Beastie Boys - So What'Cha Want (Butt Naked Version) (Explicit) (2009 Digital Remaster),Tony Sly - On the Outside,Billie Holiday - Guilty,Beastie Boys - So What'Cha Want (Butt Naked Version) (Explicit) (2009 Digital Remaster),Tony Sly - On the Outside,Anastacia - Club Megamix
TRSHMDQ128F422C1D6,SOZBCSN12A8AE46F93,AR9B7FG1187B9A5C96,Jay Sean,Stuck In the Middle,r&b/soul,Lauryn Hill - Interlude 5,Twista - I'm A Winner (Amended Album Version),Beastie Boys - B-Boy Bouillabaisse: A.W.O.L. (2009 Digital Remaster),Lauryn Hill - Interlude 5,Twista - I'm A Winner (Amended Album Version),Beastie Boys - B-Boy Bouillabaisse: A.W.O.L. (2009 Digital Remaster),Kevon Edmonds - Never Love You,Lauryn Hill - Interlude 5,Alice Smith - Dream,Kevon Edmonds - Never Love You,Lauryn Hill - Interlude 5,Blood_ Sweat & Tears - So Much Love/Underture
TRENMSO128F42AF485,SOUXXLG12A8C13EB34,AR8DTD41187FB51ED9,Fantasia,Bump What Your Friends Say,r&b/soul,Lauryn Hill - Interlude 5,Twista - I'm A Winner (Amended Album Version),Eminem - My Darling,Lauryn Hill - Interlude 5,Twista - I'm A Winner (Amended Album Version),Eminem - My Darling,KeKe Wyatt - If Only You Knew,Samantha Mumba - Never Meant To Be,Eminem - My Darling,KeKe Wyatt - If Only You Knew,Samantha Mumba - Never Meant To Be,Eminem - My Darling
TRTSASI12903CC26E8,SOUSVDG12AB018B099,AR20CFC1187B98A25D,Ray Charles,Smack Dab In The Middle,r&b/soul,Lauryn Hill - Interlude 5,Beastie Boys - B-Boy Bouillabaisse: A.W.O.L. (2009 Digital Remaster),Twista - I'm A Winner (Amended Album Version),Lauryn Hill - Interlude 5,Beastie Boys - B-Boy Bouillabaisse: A.W.O.L. (2009 Digital Remaster),The Pharcyde - Otha Fish,Johnny Cash - Man In White,RKL - Heavily Sedated,DJ Quik - Safe + Sound,Johnny Cash - Man In White,DJ Quik - Safe + Sound,RKL - Heavily Sedated
TRNZNSR128F429F04B,SOIFMOR12A8C13C0CD,AR20CFC1187B98A25D,Ray Charles,Don't You Know,r&b/soul,Lauryn Hill - Interlude 5,Twista - I'm A Winner (Amended Album Version),Vanilla Ice - It's A Party,Lauryn Hill - Interlude 5,Twista - I'm A Winner (Amended Album Version),Vanilla Ice - It's A Party,Marques Houston - Naked,Usher - Love Was Here,K-Ci & JoJo - Baby Come Back,Marques Houston - Naked,Usher - Love Was Here,K-Ci & JoJo - Baby Come Back
TRWFFHM128F92F99C4,SOJVLDB12AB017ACC4,ARZCS0M1187FB52EAB,Chrisette Michele,All I Ever Think About,r&b/soul,Lauryn Hill - Interlude 5,Twista - I'm A Winner (Amended Album Version),Erykah Badu - I Want You,Lauryn Hill - Interlude 5,Twista - I'm A Winner (Amended Album Version),Erykah Badu - I Want You,Clawfinger - Revenge,Less Than Jake - I Think I Love You,Anastacia - Club Megamix,Clawfinger - Revenge,Less Than Jake - I Think I Love You,Anastacia - Club Megamix
TRDIOJU128F931BF15,SOPGSCU12D0219384E,ARRZUPG11F43A69EF7,Jackson 5,(You Were Made) Especially For Me,r&b/soul,Lauryn Hill - Interlude 5,Twista - I'm A Winner (Amended Album Version),Danity Kane - Hold Me Down (Album Version),Lauryn Hill - Interlude 5,Danity Kane - Hold Me Down (Album Version),Twista - I'm A Winner (Amended Album Version),Mutya Buena - Not Your Baby,Bad Brains - Don't Bother Me (Bad Brains),Keith Sweat - Give Me What I Want (LP Version),Mutya Buena - Not Your Baby,Bad Brains - Don't Bother Me (Bad Brains),Keith Sweat - Give Me What I Want (LP Version)
TRGYQBU128F9342C87,SONQNNF12D021B4C46,ARRZUPG11F43A69EF7,Jackson 5,I Was Made To Love Her,r&b/soul,Lauryn Hill - Interlude 5,Beastie Boys - B-Boy Bouillabaisse: A.W.O.L. (2009 Digital Remaster),Eminem - 8 Mile,Lauryn Hill - Interlude 5,Beastie Boys - B-Boy Bouillabaisse: A.W.O.L. (2009 Digital Remaster),Eminem - 8 Mile,Con Funk Shun - Electric Lady,Doyle Bramhall - Cryin',The Knack - Heartbeat,Con Funk Shun - Electric Lady,Doyle Bramhall - Cryin',The Knack - Heartbeat
TRVBSAC128F42B6438,SOAPRQO12AF72A2410,ARRZUPG11F43A69EF7,Jackson 5,Bridge Over Troubled Water,r&b/soul,Twista - I'm A Winner (Amended Album Version),Lauryn Hill - Interlude 5,Beastie Boys - B-Boy Bouillabaisse: A.W.O.L. (2009 Digital Remaster),Twista - I'm A Winner (Amended Album Version),Lauryn Hill - Interlude 5,Beastie Boys - B-Boy Bouillabaisse: A.W.O.L. (2009 Digital Remaster),Boyz II Men - To The Limit,The Dells - It's All Up To You,Annihilator - Hunter killer,Boyz II Men - To The Limit,The Dells - It's All Up To You,Annihilator - Hunter killer
TRHTGXF128F931BEE7,SOVJMLE12AB01848BF,ARRZUPG11F43A69EF7,Jackson 5,Goin' Back To Indiana,r&b/soul,Eminem - 8 Mile,Beastie Boys - B-Boy Bouillabaisse: A.W.O.L. (2009 Digital Remaster),Mario Vazquez - Everytime I...,Eminem - 8 Mile,Beastie Boys - B-Boy Bouillabaisse: A.W.O.L. (2009 Digital Remaster),Mario Vazquez - Everytime I...,Mc Chris - hoodie ninja,Jessica Andrews - Who I Am,Midnite - Bushman,Mc Chris - hoodie ninja,Jessica Andrews - Who I Am,Eminem - 8 Mile
TRULIIL128F4228AC8,SOHQSLE12A6D4FD852,ARRZUPG11F43A69EF7,Jackson 5,Lookin' Through The Windows,r&b/soul,Lauryn Hill - Interlude 5,Life Without Buildings - New Town,Twista - I'm A Winner (Amended Album Version),Life Without Buildings - New Town,Lauryn Hill - Interlude 5,Twista - I'm A Winner (Amended Album Version),Crystal Castles - Insectica,Echobelly - Dark Therapy,Chiasm - Enemy,Crystal Castles - Insectica,Echobelly - Dark Therapy,Gravediggaz - Unexplained
TRTKNDU128EF3517DF,SOHAESY12A6D223C62,ARRZUPG11F43A69EF7,Jackson 5,You've Changed,r&b/soul,Lauryn Hill - Interlude 5,Twista - I'm A Winner (Amended Album Version),Michael Jackson - Man In The Mirror,Lauryn Hill - Interlude 5,Twista - I'm A Winner (Amended Album Version),Michael Jackson - Man In The Mirror,Adina Howard - Nasty Grind,The Specials - Skinhead Moonstomp,Creed - Wrong Way,Adina Howard - Nasty Grind,The Specials - Skinhead Moonstomp,Creed - Wrong Way
TRQBNNZ128F92D4F35,SONSXHN12A58A7B790,ARNQKXK1187B99EFDA,Jazmine Sullivan,Switch!,r&b/soul,Lauryn Hill - Interlude 5,Beastie Boys - B-Boy Bouillabaisse: A.W.O.L. (2009 Digital Remaster),Twista - I'm A Winner (Amended Album Version),Lauryn Hill - Interlude 5,Beastie Boys - B-Boy Bouillabaisse: A.W.O.L. (2009 Digital Remaster),Mario Vazquez - Everytime I...,Bouncing Souls_ The - Pervert,Mario Vazquez - Everytime I...,Common - Book Of Life,Bouncing Souls_ The - Pervert,Common - Book Of Life,Mario Vazquez - Everytime I...
TRTYGWW128E0794FA2,SOXJKGU12A67ADA1C9,ARIPLUN1187B99B9F9,The Police,One World (Not Three),reggae,Ja Rule - One of Us,Black Eyed Peas - One Tribe,Lauryn Hill - Interlude 5,Ja Rule - One of Us,Black Eyed Peas - One Tribe,Lauryn Hill - Interlude 5,The Derek Trucks Band - Revolution,Tracie Spencer - Imagine,Black Eyed Peas - One Tribe,The Derek Trucks Band - Revolution,Tracie Spencer - Imagine,Black Eyed Peas - One Tribe
TRKHTKI128F92EA339,SOSDIHQ12A8C13C23F,AR6J3X81187FB59A7B,Matisyahu,Close My Eyes,reggae,Lauryn Hill - Interlude 5,Beastie Boys - B-Boy Bouillabaisse: A.W.O.L. (2009 Digital Remaster),Twista - I'm A Winner (Amended Album Version),Lauryn Hill - Interlude 5,Beastie Boys - B-Boy Bouillabaisse: A.W.O.L. (2009 Digital Remaster),Twista - I'm A Winner (Amended Album Version),Blackalicious - Just What Can Happen,The Cat Empire - Days Like These,Swollen Members - Switchblade,Blackalicious - Just What Can Happen,The Cat Empire - Days Like These,Swollen Members - Switchblade
TRACTLX128F42A51F6,SOWXKLQ12A8C13C221,AR6J3X81187FB59A7B,Matisyahu,Exaltation,reggae,Lauryn Hill - Interlude 5,Beastie Boys - B-Boy Bouillabaisse: A.W.O.L. (2009 Digital Remaster),The Pharcyde - Otha Fish,Lauryn Hill - Interlude 5,Beastie Boys - B-Boy Bouillabaisse: A.W.O.L. (2009 Digital Remaster),The Pharcyde - Otha Fish,Opera IX - Immortal Chant,Lizzy Borden - There Will Be Blood Tonight,Frank Sinatra - The Girl That I Marry,Opera IX - Immortal Chant,Lizzy Borden - There Will Be Blood Tonight,Frank Sinatra - The Girl That I Marry
TRHQAPS128F42A51F4,SOSWVVV12A8C13C21C,AR6J3X81187FB59A7B,Matisyahu,Fire and Heights,reggae,Lauryn Hill - Interlude 5,Beastie Boys - B-Boy Bouillabaisse: A.W.O.L. (2009 Digital Remaster),Twista - I'm A Winner (Amended Album Version),Lauryn Hill - Interlude 5,Beastie Boys - B-Boy Bouillabaisse: A.W.O.L. (2009 Digital Remaster),Twista - I'm A Winner (Amended Album Version),Sage Francis - Clickety Clack,Fat Joe - Preacher On A Sunday Morning,Snoop Dogg - Snoopafella (Edited),Sage Francis - Clickety Clack,Fat Joe - Preacher On A Sunday Morning,Snoop Dogg - Snoopafella (Edited)
TRWMHCZ128F42AE295,SOPJZCC12A8C13FF7B,AR6J3X81187FB59A7B,Matisyahu,Jerusalem,reggae,Lauryn Hill - Interlude 5,Twista - I'm A Winner (Amended Album Version),Beastie Boys - B-Boy Bouillabaisse: A.W.O.L. (2009 Digital Remaster),Lauryn Hill - Interlude 5,Twista - I'm A Winner (Amended Album Version),Beastie Boys - B-Boy Bouillabaisse: A.W.O.L. (2009 Digital Remaster),Freshman 15 - When Cheating Had Feeling,A Tribe Called Quest - Rap Promoter,Mutya Buena - Not Your Baby,Freshman 15 - When Cheating Had Feeling,A Tribe Called Quest - Rap Promoter,Mutya Buena - Not Your Baby
TRMMTKA128F42A51E7,SOSCMSY12A8C13C1E9,AR6J3X81187FB59A7B,Matisyahu,Warrior,reggae,Lauryn Hill - Interlude 5,Beastie Boys - B-Boy Bouillabaisse: A.W.O.L. (2009 Digital Remaster),Twista - I'm A Winner (Amended Album Version),Lauryn Hill - Interlude 5,Twista - I'm A Winner (Amended Album Version),Beastie Boys - B-Boy Bouillabaisse: A.W.O.L. (2009 Digital Remaster),Damien Dempsey - Colony,Sage Francis - Clickety Clack,Buffy Sainte-Marie - Now That the Buffalo's Gone,Damien Dempsey - Colony,Sage Francis - Clickety Clack,Buffy Sainte-Marie - Now That the Buffalo's Gone
TRPPHPV128F92F0750,SOMITIJ12AB017CAFA,ARW8F4B1187FB45EB4,Sublime,Don't Push,reggae,Lauryn Hill - Interlude 5,Beastie Boys - B-Boy Bouillabaisse: A.W.O.L. (2009 Digital Remaster),Twista - I'm A Winner (Amended Album Version),Lauryn Hill - Interlude 5,Beastie Boys - B-Boy Bouillabaisse: A.W.O.L. (2009 Digital Remaster),Twista - I'm A Winner (Amended Album Version),King Tee - Guitar Playin',St. Lunatics - Time,Kool Moe Dee - Bad Mutha,King Tee - Guitar Playin',St. Lunatics - Time,Kool Moe Dee - Bad Mutha
TRZDKCU128F1456899,SOVEQJB12D0219AE54,ARW8F4B1187FB45EB4,Sublime,Pawn Shop,reggae,Lauryn Hill - Interlude 5,Vanilla Ice - Ice Is Workin' It,Beastie Boys - B-Boy Bouillabaisse: A.W.O.L. (2009 Digital Remaster),Vanilla Ice - Ice Is Workin' It,Lauryn Hill - Interlude 5,UGK (Underground Kingz) - She Luv It,Atom And His Package - Upside Down From Here,Architecture In Helsinki - Underwater,ANJA GARBAREK - Something Written,Atom And His Package - Upside Down From Here,Architecture In Helsinki - Underwater,ANJA GARBAREK - Something Written
TRQCFKA128F148A0D5,SOUEAIV12A6D4F9FC2,ARRYZN01187FB45757,Michael Franti & Spearhead,See you in the Light,reggae,Lauryn Hill - Interlude 5,Beastie Boys - B-Boy Bouillabaisse: A.W.O.L. (2009 Digital Remaster),Twista - I'm A Winner (Amended Album Version),Lauryn Hill - Interlude 5,Beastie Boys - B-Boy Bouillabaisse: A.W.O.L. (2009 Digital Remaster),Twista - I'm A Winner (Amended Album Version),Thomas Dolby - I Live In A Suitcase,RKL - Heavily Sedated,The Streets - The Irony Of It All (Album Version),Thomas Dolby - I Live In A Suitcase,RKL - Heavily Sedated,The Streets - The Irony Of It All (Album Version)
TRPPATZ128F428BA6E,SOFOGTV12A6D4F9FBE,ARRYZN01187FB45757,Michael Franti & Spearhead,Sweet Little Lies,reggae,Lauryn Hill - Interlude 5,Danity Kane - Hold Me Down (Album Version),Five - That's What You Told Me,Danity Kane - Hold Me Down (Album Version),Five - That's What You Told Me,Lauryn Hill - Interlude 5,Faithless - Salva Mea,Sharon Jones & The Dap-Kings - Tell Me,Albert King - I Get Evil,Faithless - Salva Mea,Sharon Jones & The Dap-Kings - Tell Me,Albert King - I Get Evil
TRMVVWQ128F422BB64,SOLMWNS12A81C209CB,AR9NG3Y1187B9895EE,McFly,The Way You Make Me Feel,reggae,Lauryn Hill - Interlude 5,Twista - I'm A Winner (Amended Album Version),Erykah Badu - I Want You,Twista - I'm A Winner (Amended Album Version),Lauryn Hill - Interlude 5,Erykah Badu - I Want You,Sunscreem - Pressure,Anastacia - Club Megamix,Lemar - Time To Grow,Sunscreem - Pressure,Anastacia - Club Megamix,Lemar - Time To Grow
TRRATGY12903D138DB,SOQQEZD12AC468BFC3,ARBNXYA1187FB51C50,Daddy Yankee,Grito Mundial,reggae,Abba - Move On,Horace Andy - Horse With No Name,Violadores del Verso - Dale tiempo al rumor,Abba - Move On,Horace Andy - Horse With No Name,Violadores del Verso - Dale tiempo al rumor,Inti Illimani - El Arado,Atahualpa Yupanqui - Milonga Del Solitario,Sebastien Tellier - League Chicanos,Inti Illimani - El Arado,Atahualpa Yupanqui - Milonga Del Solitario,Sebastien Tellier - League Chicanos
TRPSKLI128F425E42C,SOAUWMK12A8C136F49,ARD66TF1187B9A1670,tobyMac,Get This Party Started: Ghost Remix,reggae,Vanilla Ice - It's A Party,Lauryn Hill - Interlude 5,Beastie Boys - B-Boy Bouillabaisse: A.W.O.L. (2009 Digital Remaster),Vanilla Ice - It's A Party,Beastie Boys - B-Boy Bouillabaisse: A.W.O.L. (2009 Digital Remaster),Lauryn Hill - Interlude 5,Four Year Strong - Catastrophe,Vanilla Ice - It's A Party,Nick Cave & The Bad Seeds - Midnight Man,Four Year Strong - Catastrophe,Nick Cave & The Bad Seeds - Midnight Man,Vanilla Ice - It's A Party
TRWQMVZ128E078F1F7,SOBPURX12D021B0F0F,ARAZCWP129462A97F1,Bob Marley & The Wailers,Africa Unite,reggae,Lauryn Hill - Interlude 5,Daft Punk - Touch It / Technologic,Vanilla Ice - Ice Is Workin' It,Lauryn Hill - Interlude 5,Daft Punk - Touch It / Technologic,Vanilla Ice - Ice Is Workin' It,Gamma Ray - Heavy Metal Universe (live),Zeigeist - Black Milk,Buck-O-Nine - New Generation,Gamma Ray - Heavy Metal Universe (live),Zeigeist - Black Milk,Immortal Technique - The 4th Branch
TRHDTPQ128F147733A,SOLWOXW12D021B2450,ARAZCWP129462A97F1,Bob Marley & The Wailers,Could You Be Loved,reggae,Lauryn Hill - Interlude 5,Twista - I'm A Winner (Amended Album Version),Michael Jackson - Man In The Mirror,Lauryn Hill - Interlude 5,Twista - I'm A Winner (Amended Album Version),Michael Jackson - Man In The Mirror,Boyz II Men - Could It Be I'm Falling In Love,The Enemy - It's Not OK [Live From London],Lisa Stansfield - I Will Be Waiting,Boyz II Men - Could It Be I'm Falling In Love,The Enemy - It's Not OK [Live From London],Lisa Stansfield - I Will Be Waiting
TRUVZTN128F424B846,SOLIWAK12D021B0CFA,ARAZCWP129462A97F1,Bob Marley,No Water,reggae,Lauryn Hill - Interlude 5,Twista - I'm A Winner (Amended Album Version),Beastie Boys - B-Boy Bouillabaisse: A.W.O.L. (2009 Digital Remaster),Lauryn Hill - Interlude 5,Twista - I'm A Winner (Amended Album Version),Beastie Boys - B-Boy Bouillabaisse: A.W.O.L. (2009 Digital Remaster),Bob Marley - Rebels Hop,Phil Collins - A Groovy Kind Of Love (Live),Amel Larrieux - Sweet Misery,Bob Marley - Rebels Hop,Phil Collins - A Groovy Kind Of Love (Live),Amel Larrieux - Sweet Misery
TRGPDHJ128F14527D5,SOVKUMU12D0219A271,ARAZCWP129462A97F1,Bob Marley & The Wailers,One Love / People Get Ready,reggae,Black Eyed Peas - One Tribe,Lauryn Hill - Interlude 5,Ja Rule - One of Us,Black Eyed Peas - One Tribe,Lauryn Hill - Interlude 5,Ja Rule - One of Us,Black Eyed Peas - One Tribe,Tanya Tucker - One Love At A Time,Roxette - From One Heart To Another,Black Eyed Peas - One Tribe,Tanya Tucker - One Love At A Time,Dr. Alban - One Love
TRHKHHL128F4251E2A,SOFLXLZ12D021B24CD,ARAZCWP129462A97F1,Bob Marley,Try Me,reggae,Danity Kane - Hold Me Down (Album Version),Five - That's What You Told Me,Lauryn Hill - Interlude 5,Danity Kane - Hold Me Down (Album Version),Five - That's What You Told Me,Lauryn Hill - Interlude 5,Trisha Yearwood - Try Me Again,Bizzy Bone - I Need You,Diana Krall - Peel Me A Grape,Trisha Yearwood - Try Me Again,Bizzy Bone - I Need You,Diana Krall - Peel Me A Grape
TRAMTEH128F930D496,SOKVEKX12CF530D5AF,ARAZCWP129462A97F1,Bob Marley & The Wailers,Baby We've Got A Date (Rock It Baby),reggae,Daft Punk - Touch It / Technologic,Vanilla Ice - Ice Is Workin' It,The Prodigy - We Gonna Rock,Daft Punk - Touch It / Technologic,The Prodigy - We Gonna Rock,Vanilla Ice - Ice Is Workin' It,Ringo Starr - Where Did Our Love Go,Floetry - Getting Late,Sarah Connor - French Kissing,Ringo Starr - Where Did Our Love Go,Floetry - Getting Late,Sarah Connor - French Kissing
TRCGRJV128F1477322,SOJPUXZ12CF5F8899E,ARAZCWP129462A97F1,Bob Marley & The Wailers,Johnny Was,reggae,Lauryn Hill - Interlude 5,Beastie Boys - B-Boy Bouillabaisse: A.W.O.L. (2009 Digital Remaster),Michael Jackson - Man In The Mirror,Lauryn Hill - Interlude 5,Beastie Boys - B-Boy Bouillabaisse: A.W.O.L. (2009 Digital Remaster),Michael Jackson - Man In The Mirror,Etta James - W.O.M.A.N.,Little Anthony & The Imperials - Shimmy_ Shimmy_ Ko-Ko-Bop (Single Version),John Legend - Stereo,Etta James - W.O.M.A.N.,Little Anthony & The Imperials - Shimmy_ Shimmy_ Ko-Ko-Bop (Single Version),John Legend - Stereo
TRRVJJF128F9309F02,SOECMGI12CF530E4F3,ARAZCWP129462A97F1,Bob Marley,Riding High,reggae,Lauryn Hill - Interlude 5,Twista - I'm A Winner (Amended Album Version),Beastie Boys - B-Boy Bouillabaisse: A.W.O.L. (2009 Digital Remaster),Twista - I'm A Winner (Amended Album Version),Lauryn Hill - Interlude 5,Britney Spears - Radar,Belleruche - Northern Girls,Brian McKnight - Holdin' On [Missin' U] (Album Version),Johnny Winter - Prodigal Son,Belleruche - Northern Girls,Johnny Winter - Prodigal Son,Brian McKnight - Holdin' On [Missin' U] (Album Version)
TRDXHIR128F930E030,SOZKMVA12CF5F87636,ARAZCWP129462A97F1,Bob Marley,Soul Shakedown,reggae,Lauryn Hill - Interlude 5,Danity Kane - Hold Me Down (Album Version),Eminem - My Darling,Lauryn Hill - Interlude 5,Danity Kane - Hold Me Down (Album Version),Eminem - My Darling,Banaroo - Ringa Ding Ding,Mutya Buena - Not Your Baby,Muse - Pink Ego Box,Banaroo - Ringa Ding Ding,Mutya Buena - Not Your Baby,Muse - Pink Ego Box
TRDTEUX12903CB4AD7,SOQJCXI12CF5F883FC,ARAZCWP129462A97F1,Bob Marley & The Wailers,Trenchtown Rock,reggae,Lauryn Hill - Interlude 5,Twista - I'm A Winner (Amended Album Version),Erykah Badu - I Want You,Lauryn Hill - Interlude 5,Twista - I'm A Winner (Amended Album Version),Erykah Badu - I Want You,Natalie Cole - I'm Catching Hell (Living Here Alone) (Digitally Remastered 02),Mississippi Fred McDowell - Bull Dog Blues,Murs - You & I,Natalie Cole - I'm Catching Hell (Living Here Alone) (Digitally Remastered 02),Mississippi Fred McDowell - Bull Dog Blues,Murs - You & I
TRVTZTY128E0781E22,SOQUOKX12A6310D863,ARNF13I1187FB562A5,Massive Attack,Eternal Feedback (Sly),reggae,Lauryn Hill - Interlude 5,Eminem - 8 Mile,Beastie Boys - B-Boy Bouillabaisse: A.W.O.L. (2009 Digital Remaster),Lauryn Hill - Interlude 5,Eminem - 8 Mile,Beastie Boys - B-Boy Bouillabaisse: A.W.O.L. (2009 Digital Remaster),Scooter - She's The Sun,Plan B - Stay Too Long,Ben Folds Five - Don't Change Your Plans,Scooter - She's The Sun,Plan B - Stay Too Long,Ben Folds Five - Don't Change Your Plans
TRORKSH128F9320C21,SOOLUCH12A6310E8B5,ARAZCWP129462A97F1,Bob Marley & The Wailers,Black Progress,reggae,Lauryn Hill - Interlude 5,Beastie Boys - B-Boy Bouillabaisse: A.W.O.L. (2009 Digital Remaster),Twista - I'm A Winner (Amended Album Version),Lauryn Hill - Interlude 5,Beastie Boys - B-Boy Bouillabaisse: A.W.O.L. (2009 Digital Remaster),Erykah Badu - I Want You,Public Image Ltd - Bags,Digable Planets - Slowes' Comb/The May 4th Movement starring Doodlebug,Lightnin' Hopkins - Big Black Cadillac Blues,Public Image Ltd - Bags,Digable Planets - Slowes' Comb/The May 4th Movement starring Doodlebug,Lightnin' Hopkins - Big Black Cadillac Blues
TRGEMSN128E07944A8,SOKCEXR12A6701C3EB,ARAZCWP129462A97F1,Bob Marley & The Wailers,Reggae On Broadway,reggae,Vanilla Ice - It's A Party,Beastie Boys - B-Boy Bouillabaisse: A.W.O.L. (2009 Digital Remaster),Lauryn Hill - Interlude 5,Vanilla Ice - It's A Party,Beastie Boys - B-Boy Bouillabaisse: A.W.O.L. (2009 Digital Remaster),Britney Spears - Radar,Scandinavian Music Group - Näin minä vihellän matkallani,Groove Armada - Groove Is On,The Replacements - Love You Till Friday,Groove Armada - Groove Is On,Scandinavian Music Group - Näin minä vihellän matkallani,Judee Sill - There's A Rugged Road
TRQMVYN128F4250E38,SOPYZTH12A8C135090,ARAZCWP129462A97F1,Bob Marley,Rebels Hop,reggae,Lauryn Hill - Interlude 5,Twista - I'm A Winner (Amended Album Version),Beastie Boys - B-Boy Bouillabaisse: A.W.O.L. (2009 Digital Remaster),Lauryn Hill - Interlude 5,Twista - I'm A Winner (Amended Album Version),Beastie Boys - B-Boy Bouillabaisse: A.W.O.L. (2009 Digital Remaster),Bob Marley - No Water,Phil Collins - A Groovy Kind Of Love (Live),Amel Larrieux - Sweet Misery,Bob Marley - No Water,Phil Collins - A Groovy Kind Of Love (Live),Amel Larrieux - Sweet Misery
TRDJCNG128F9339544,SOKMGXA12A8C1447B6,ARAZCWP129462A97F1,Bob Marley,Stop The Train,reggae,Rufio - Over It (Acoustic),Eminem - 8 Mile,Beastie Boys - B-Boy Bouillabaisse: A.W.O.L. (2009 Digital Remaster),Rufio - Over It (Acoustic),Eminem - 8 Mile,Beastie Boys - B-Boy Bouillabaisse: A.W.O.L. (2009 Digital Remaster),Björk - Hunter,Lucky Dube - Slave,Little Walter - Key To The Highway,Björk - Hunter,Little Walter - Key To The Highway,Lucky Dube - Slave
TRVSWGN12903CB4A44,SOIVBAC12AB0186BFF,ARAZCWP129462A97F1,Bob Marley & The Wailers,This Train,reggae,The Roots - Mellow My Man,C-Block - My Life,Lauryn Hill - Interlude 5,The Roots - Mellow My Man,C-Block - My Life,2Pac - Strictly 4 My N.I.G.G.A.Z.,bathory - Psychopath,Agonoize - C.O.A.,J.J. Cale - Ridin Home,bathory - Psychopath,J.J. Cale - Ridin Home,Agonoize - C.O.A.
TRNJPBY128F92F621A,SOZQGAL12AB01856DB,ARLSC551187B99C55C,N-Dubz,Defeat You,reggae,Twista - I'm A Winner (Amended Album Version),Beastie Boys - B-Boy Bouillabaisse: A.W.O.L. (2009 Digital Remaster),Erykah Badu - I Want You,Twista - I'm A Winner (Amended Album Version),Erykah Badu - I Want You,Mario Vazquez - Everytime I...,Mario Vazquez - Everytime I...,Habakuk - Mury,Wild Strawberries - Heroine,Mario Vazquez - Everytime I...,Habakuk - Mury,Wild Strawberries - Heroine
TRINMBD128F92F6211,SOBUZCT12AB0181786,ARLSC551187B99C55C,N-Dubz,Don't Get Nine,reggae,Lauryn Hill - Interlude 5,Twista - I'm A Winner (Amended Album Version),Beastie Boys - B-Boy Bouillabaisse: A.W.O.L. (2009 Digital Remaster),Lauryn Hill - Interlude 5,Twista - I'm A Winner (Amended Album Version),Erykah Badu - I Want You,Jane Child - Don't Let It Get To You (Album Version),Edith Piaf - Dont Cry,Kanye West - Graduation Day,Jane Child - Don't Let It Get To You (Album Version),Edith Piaf - Dont Cry,Kanye West - Graduation Day
TRRKBRB128EF35E2DA,SOPZQDB12A6D4F5D62,ARLSC551187B99C55C,N-Dubz,Feva Las Vegas,reggae,Lauryn Hill - Interlude 5,Beastie Boys - B-Boy Bouillabaisse: A.W.O.L. (2009 Digital Remaster),Eminem - 8 Mile,Lauryn Hill - Interlude 5,Beastie Boys - B-Boy Bouillabaisse: A.W.O.L. (2009 Digital Remaster),Eminem - 8 Mile,Swollen Members - Concerto,Redman - Soopaman Luva 3,OutKast - Claimin' True,Swollen Members - Concerto,Redman - Soopaman Luva 3,OutKast - Claimin' True
TRYPJXU128F92F621C,SOQPAPP12AB01856E3,ARLSC551187B99C55C,N-Dubz,Secrets,reggae,Lauryn Hill - Interlude 5,Beastie Boys - B-Boy Bouillabaisse: A.W.O.L. (2009 Digital Remaster),Twista - I'm A Winner (Amended Album Version),Lauryn Hill - Interlude 5,Beastie Boys - B-Boy Bouillabaisse: A.W.O.L. (2009 Digital Remaster),Twista - I'm A Winner (Amended Album Version),Anastacia - Club Megamix,Classified - Freezin In The Cold,Common - Book Of Life,Anastacia - Club Megamix,Classified - Freezin In The Cold,Sage Francis - Keep Moving
TRGNBCC128F92F6218,SOYFJUA12AB01856D2,ARLSC551187B99C55C,N-Dubz,Work Work,reggae,Lauryn Hill - Interlude 5,Twista - I'm A Winner (Amended Album Version),Beastie Boys - B-Boy Bouillabaisse: A.W.O.L. (2009 Digital Remaster),Lauryn Hill - Interlude 5,Twista - I'm A Winner (Amended Album Version),Erykah Badu - I Want You,Jonny Lang - Breakin Me,Babyface - Seven Seas,Blues Traveler - Hook,Jonny Lang - Breakin Me,Blues Traveler - Hook,Michael Jackson - Call On Me
TRDNAVT128F428A246,SOSCPLZ12A8C1394B1,ARD2NDU1187B99B615,Dropkick Murphys,Good Rats (Live),reggae,Lauryn Hill - Interlude 5,Michael Jackson - Man In The Mirror,Beastie Boys - B-Boy Bouillabaisse: A.W.O.L. (2009 Digital Remaster),Lauryn Hill - Interlude 5,Michael Jackson - Man In The Mirror,Beastie Boys - B-Boy Bouillabaisse: A.W.O.L. (2009 Digital Remaster),Billy Currington - That's How Country Boys Roll,The Dubliners - The Molly Maguires,Fiddler's Green - Sporting Day,Billy Currington - That's How Country Boys Roll,The Dubliners - The Molly Maguires,Fad Gadget - Plain Clothes
TRRHCOS128F4248193,SOCUAWC12A8C1310A4,ARPK4HR1187B9A289D,Tito El Bambino,Sol_ Playa Y Arena,reggae,Violadores del Verso - Dale tiempo al rumor,Abba - Move On,Horace Andy - Horse With No Name,Violadores del Verso - Dale tiempo al rumor,Abba - Move On,Horace Andy - Horse With No Name,Joan Manuel Serrat - La Aristocracia del Barrio,Inti Illimani - El Arado,Panteón Rococó - La Carencia,Joan Manuel Serrat - La Aristocracia del Barrio,Inti Illimani - El Arado,Panteón Rococó - La Carencia
TRFGOUF128F9348838,SONUORR12AB018724D,AR1WWVL1187B9B0306,UB40,I Don't Want To See You Cry,reggae,Lauryn Hill - Interlude 5,Eminem - My Darling,Beastie Boys - B-Boy Bouillabaisse: A.W.O.L. (2009 Digital Remaster),Lauryn Hill - Interlude 5,Eminem - My Darling,Twista - I'm A Winner (Amended Album Version),Edith Piaf - Dont Cry,Magic Affair - Give Me All Your Love,Mutya Buena - Not Your Baby,Edith Piaf - Dont Cry,Magic Affair - Give Me All Your Love,Mutya Buena - Not Your Baby
TRQLICG12903CBFAFD,SOGXHTF12A58A7C7E8,AR1WWVL1187B9B0306,UB40,Come Back Darling,reggae,Lauryn Hill - Interlude 5,Twista - I'm A Winner (Amended Album Version),Eminem - My Darling,Lauryn Hill - Interlude 5,Twista - I'm A Winner (Amended Album Version),Danity Kane - Hold Me Down (Album Version),Gerry Rafferty - Waiting For The Day,Bizzy Bone - I Need You,Tift Merritt - Your Love Made A U Turn,Gerry Rafferty - Waiting For The Day,Bizzy Bone - I Need You,Tift Merritt - Your Love Made A U Turn
TREKDZI128F146A972,SOLFMIZ12A6D4F8330,AR1WWVL1187B9B0306,UB40,Here I Am (Come And Take Me),reggae,Lauryn Hill - Interlude 5,Danity Kane - Hold Me Down (Album Version),Five - That's What You Told Me,Lauryn Hill - Interlude 5,Danity Kane - Hold Me Down (Album Version),Five - That's What You Told Me,Death In Vegas - Girls,Michael Penn - Comfort,Robbie Williams - Come Take Me Over,Death In Vegas - Girls,Michael Penn - Comfort,Robbie Williams - Come Take Me Over
TRJDXEG128E07820DB,SOZPNNF12A6310D8B1,AR1WWVL1187B9B0306,UB40,Light My Fire,reggae,Lauryn Hill - Interlude 5,Vanilla Ice - It's A Party,Britney Spears - Radar,Lauryn Hill - Interlude 5,Britney Spears - Radar,Vanilla Ice - It's A Party,The Replacements - Love You Till Friday,Britney Spears - Radar,Ray Charles - Don't You Know,The Replacements - Love You Till Friday,Britney Spears - Radar,Ray Charles - Don't You Know
TRKHYKB128E0789D42,SOHQEMS12A6701C57C,ARJ7KF01187B98D717,Coldplay,Til Kingdom Come,rock,Lauryn Hill - Interlude 5,Twista - I'm A Winner (Amended Album Version),Beastie Boys - B-Boy Bouillabaisse: A.W.O.L. (2009 Digital Remaster),Lauryn Hill - Interlude 5,Twista - I'm A Winner (Amended Album Version),Beastie Boys - B-Boy Bouillabaisse: A.W.O.L. (2009 Digital Remaster),Dusty Springfield - Meditation,Vashti Bunyan - Hidden,Babyface - Seven Seas,Dusty Springfield - Meditation,Vashti Bunyan - Hidden,Babyface - Seven Seas
TRDVELE128F932810A,SOIHOTW12A8C142198,AR91C8S1187B990901,Bruce Springsteen,Brothers Under The Bridges ('83),rock,Lauryn Hill - Interlude 5,Beastie Boys - B-Boy Bouillabaisse: A.W.O.L. (2009 Digital Remaster),The Pharcyde - Otha Fish,Lauryn Hill - Interlude 5,Beastie Boys - B-Boy Bouillabaisse: A.W.O.L. (2009 Digital Remaster),The Pharcyde - Otha Fish,Johnny Cash - Daddy Sang Bass,Opera IX - Immortal Chant,Johnny Horton - The Battle Of New Orleans,Johnny Cash - Daddy Sang Bass,Opera IX - Immortal Chant,Chris De Burgh - Last Night
TRCONIY128F932A7DA,SOEFSBZ12A8C1359C4,AR91C8S1187B990901,Bruce Springsteen,The Big Payback,rock,Lauryn Hill - Interlude 5,Beastie Boys - B-Boy Bouillabaisse: A.W.O.L. (2009 Digital Remaster),Twista - I'm A Winner (Amended Album Version),Lauryn Hill - Interlude 5,Beastie Boys - B-Boy Bouillabaisse: A.W.O.L. (2009 Digital Remaster),Eminem - 8 Mile,Beastie Boys - B-Boy Bouillabaisse: A.W.O.L. (2009 Digital Remaster),Big L - Lifestylez Ov Da Poor & Dangerous,Us3 - It's Like That,Beastie Boys - B-Boy Bouillabaisse: A.W.O.L. (2009 Digital Remaster),Big L - Lifestylez Ov Da Poor & Dangerous,Us3 - It's Like That
TRWULBB128F42670A3,SOFVHKR12A8C1325B4,AR91C8S1187B990901,Bruce Springsteen,The Ties That Bind,rock,Lauryn Hill - Interlude 5,Twista - I'm A Winner (Amended Album Version),Eminem - My Darling,Lauryn Hill - Interlude 5,Twista - I'm A Winner (Amended Album Version),Eminem - My Darling,Harry Belafonte - Angelina,Kevin Devine - It's Only Your Life,"Brand New Heavies_ The - You Are The Universe (Roger's Universal 7"" Edit)",Harry Belafonte - Angelina,Kevin Devine - It's Only Your Life,Lynyrd Skynyrd - That Smell
TROQFYY128F429DBA0,SOBNUTR12A8C140BE8,ARVG4OK1187B9B6BD3,The Killers,Sam's Town,rock,Lauryn Hill - Interlude 5,Beastie Boys - B-Boy Bouillabaisse: A.W.O.L. (2009 Digital Remaster),Eminem - 8 Mile,Lauryn Hill - Interlude 5,Beastie Boys - B-Boy Bouillabaisse: A.W.O.L. (2009 Digital Remaster),Nelly - Splurge,Beastie Boys - B-Boy Bouillabaisse: A.W.O.L. (2009 Digital Remaster),Common - Book Of Life,King Tee - Act A Fool,Beastie Boys - B-Boy Bouillabaisse: A.W.O.L. (2009 Digital Remaster),King Tee - Act A Fool,Common - Book Of Life
TRHFADH128F92E2BE3,SOKCLGX12A67ADD6BF,ARR3ONV1187B9A2F59,Muse,Pink Ego Box,rock,Lauryn Hill - Interlude 5,Twista - I'm A Winner (Amended Album Version),Beastie Boys - B-Boy Bouillabaisse: A.W.O.L. (2009 Digital Remaster),Lauryn Hill - Interlude 5,Twista - I'm A Winner (Amended Album Version),Eminem - My Darling,Jonny Lang - Breakin Me,Scars Of Life - Descending,Fats Domino - Blue Monday,Jonny Lang - Breakin Me,Scars Of Life - Descending,Fats Domino - Blue Monday
TROAQBZ128F9326213,SONYKOW12AB01849C9,AR73S4G1187B9A03C2,OneRepublic,Secrets,rock,Beastie Boys - B-Boy Bouillabaisse: A.W.O.L. (2009 Digital Remaster),Lauryn Hill - Interlude 5,Eminem - 8 Mile,Beastie Boys - B-Boy Bouillabaisse: A.W.O.L. (2009 Digital Remaster),Lauryn Hill - Interlude 5,Eminem - 8 Mile,DUNCAN SHEIK - House Full Of Riches (LP Version),Wayne Hancock - Johnson City,A Tribe Called Quest - Hot Sex,A Tribe Called Quest - Hot Sex,Wayne Hancock - Johnson City,DUNCAN SHEIK - House Full Of Riches (LP Version)
TRVZCTL128E078F0BE,SOMBDFC12A67FFB370,ARDVZTE1187FB5A0A1,Bon Jovi,Come Back,rock,Lauryn Hill - Interlude 5,The Simpsons - Do The Bartman,Eminem - My Darling,Lauryn Hill - Interlude 5,The Simpsons - Do The Bartman,K-Ci & JoJo - Baby Come Back,Dionne Warwick - This Empty Place,Public Enemy - Hit The Road Jack,Gerry Rafferty - Waiting For The Day,Dionne Warwick - This Empty Place,Public Enemy - Hit The Road Jack,Gotye - Coming Back
TRAERPT128F931103E,SODLKUO12A8C13CA35,ARFCUN31187B9AD578,The Rolling Stones,Time Is On My Side,rock,Lauryn Hill - Interlude 5,Beastie Boys - B-Boy Bouillabaisse: A.W.O.L. (2009 Digital Remaster),Twista - I'm A Winner (Amended Album Version),Lauryn Hill - Interlude 5,Twista - I'm A Winner (Amended Album Version),Beastie Boys - B-Boy Bouillabaisse: A.W.O.L. (2009 Digital Remaster),Rebelution - Bump,Emiliana Torrini - Sunny Road,Pete Murray - My Time,Rebelution - Bump,Emiliana Torrini - Sunny Road,Pete Murray - My Time
TRQXTQT128E0781DA7,SOOPTNE12A58A7A9C2,ARFCUN31187B9AD578,The Rolling Stones,Fight (1994 Digital Remaster),rock,Twista - I'm A Winner (Amended Album Version),Beastie Boys - B-Boy Bouillabaisse: A.W.O.L. (2009 Digital Remaster),Lauryn Hill - Interlude 5,Twista - I'm A Winner (Amended Album Version),Beastie Boys - B-Boy Bouillabaisse: A.W.O.L. (2009 Digital Remaster),N-Dubz - Don't Get Nine,Slick Rick - Let's Get Crazy,Black Eyed Peas - Boom Boom Guetta,Us3 - Knowledge Of Self,Slick Rick - Let's Get Crazy,Black Eyed Peas - Boom Boom Guetta,Us3 - Knowledge Of Self
TRAUYZG12903CDA4E9,SOFZXTF12AB018D64B,ARDVZTE1187FB5A0A1,Bon Jovi,This Ain't A Love Song,rock,Lauryn Hill - Interlude 5,Beastie Boys - B-Boy Bouillabaisse: A.W.O.L. (2009 Digital Remaster),Twista - I'm A Winner (Amended Album Version),Lauryn Hill - Interlude 5,Beastie Boys - B-Boy Bouillabaisse: A.W.O.L. (2009 Digital Remaster),Twista - I'm A Winner (Amended Album Version),Less Than Jake - I Think I Love You,Shai - Waiting For The Day,A Tribe Called Quest - Hot Sex,Less Than Jake - I Think I Love You,Shai - Waiting For The Day,A Tribe Called Quest - Hot Sex
TRGESLP12903CE31C8,SORXQLX12AB018DCD0,ARDVZTE1187FB5A0A1,Bon Jovi,Superman Tonight,rock,Lauryn Hill - Interlude 5,Twista - I'm A Winner (Amended Album Version),Eminem - My Darling,Lauryn Hill - Interlude 5,Twista - I'm A Winner (Amended Album Version),Erykah Badu - I Want You,Harry Belafonte - Angelina,Clawfinger - Revenge,Tom T. Hall - I Care,Harry Belafonte - Angelina,Clawfinger - Revenge,Tom T. Hall - I Care
TRPAYRK128E0792986,SOINXHP12AF729AF64,ARM7EDF1187B9B3FA1,Guns N' Roses,Bad Obsession,rock,Lauryn Hill - Interlude 5,Vanilla Ice - Ice Is Workin' It,Daft Punk - Touch It / Technologic,Lauryn Hill - Interlude 5,Vanilla Ice - Ice Is Workin' It,Daft Punk - Touch It / Technologic,Robbie Williams - It's De-Lovely,Eric B. & Rakim - I Know You Got Soul,Tanya Tucker - Complicated,Robbie Williams - It's De-Lovely,Eric B. & Rakim - I Know You Got Soul,Tanya Tucker - Complicated
TRKMXIA128F4299423,SOEOSFP12A8C137912,ARULZ741187B9AD2EF,Elvis Presley,Anything That's Part Of You,rock,Lauryn Hill - Interlude 5,Twista - I'm A Winner (Amended Album Version),Erykah Badu - I Want You,Lauryn Hill - Interlude 5,Twista - I'm A Winner (Amended Album Version),Erykah Badu - I Want You,Syleena Johnson - All Of Me,Angela Bofill - I Try,Rachael Yamagata - Even So,Syleena Johnson - All Of Me,Angela Bofill - I Try,Rachael Yamagata - Even So
TRTQRHY128F4241AFD,SORQYLM12A8C132BCF,ARCVKG01187B9B3273,Flyleaf,So I Thought,rock,Lauryn Hill - Interlude 5,Beastie Boys - B-Boy Bouillabaisse: A.W.O.L. (2009 Digital Remaster),Nelly - Splurge,Lauryn Hill - Interlude 5,Beastie Boys - B-Boy Bouillabaisse: A.W.O.L. (2009 Digital Remaster),Nelly - Splurge,The Streets - The Irony Of It All (Album Version),Manafest - Runaway,Jeffrey Lewis - Gold,The Streets - The Irony Of It All (Album Version),Jeffrey Lewis - Gold,Manafest - Runaway
TRXIEYZ128E078891B,SOQQWFI12A67020F95,ARN5NHX1187FB4F755,The Smashing Pumpkins,You're All I've Got Tonight,rock,Lauryn Hill - Interlude 5,Twista - I'm A Winner (Amended Album Version),Erykah Badu - I Want You,Twista - I'm A Winner (Amended Album Version),Lauryn Hill - Interlude 5,Erykah Badu - I Want You,Faithless - Flowerstand Man,Edith Piaf - Dont Cry,Gabrielle - Don't Need The Sun To Shine (To Make Me Smile),Faithless - Flowerstand Man,Edith Piaf - Dont Cry,Gabrielle - Don't Need The Sun To Shine (To Make Me Smile)
TRTGMIX128EF35E2B9,SOBEQEO12A6D4F6589,ARVN9FZ1187FB393F1,Snow Patrol,Signal Fire,rock,Lauryn Hill - Interlude 5,Danity Kane - Hold Me Down (Album Version),Twista - I'm A Winner (Amended Album Version),Lauryn Hill - Interlude 5,Danity Kane - Hold Me Down (Album Version),Twista - I'm A Winner (Amended Album Version),Voxtrot - Kid Gloves,Willie Nelson - There You Are,Cephalic Carnage - Eradicate Authority,Voxtrot - Kid Gloves,Willie Nelson - There You Are,Cephalic Carnage - Eradicate Authority
TRHPKWO128F92E01D5,SOSRIAT12AB017A92E,ARVN9FZ1187FB393F1,Snow Patrol,The Lightning Strike,rock,Lauryn Hill - Interlude 5,Beastie Boys - B-Boy Bouillabaisse: A.W.O.L. (2009 Digital Remaster),Twista - I'm A Winner (Amended Album Version),Lauryn Hill - Interlude 5,Beastie Boys - B-Boy Bouillabaisse: A.W.O.L. (2009 Digital Remaster),Twista - I'm A Winner (Amended Album Version),Jeffrey Lewis - Gold,Momus - Closer To You,OutKast - ATLiens,Momus - Closer To You,Jeffrey Lewis - Gold,OutKast - ATLiens
TRDMUWU128E078EDDB,SOSXSMM12B0B808B45,ARH3S5S1187FB4F76B,Nirvana,Dumb,rock,Eminem - 8 Mile,Mario Vazquez - Everytime I...,Rufio - Over It (Acoustic),Eminem - 8 Mile,Mario Vazquez - Everytime I...,Rufio - Over It (Acoustic),Lucky Dube - Slave,Björk - Hunter,MNEMIC - Liquid,Lucky Dube - Slave,Björk - Hunter,MNEMIC - Liquid
TRXEAZB128E078EDCE,SOCUARC12A6701E94D,ARH3S5S1187FB4F76B,Nirvana,Something In The Way,rock,Beastie Boys - B-Boy Bouillabaisse: A.W.O.L. (2009 Digital Remaster),The Pharcyde - Otha Fish,Lauryn Hill - Interlude 5,The Pharcyde - Otha Fish,Beastie Boys - B-Boy Bouillabaisse: A.W.O.L. (2009 Digital Remaster),Lauryn Hill - Interlude 5,The Mighty Mighty Bosstones - 1-2-8,Thomas Dolby - I Live In A Suitcase,Sophie Milman - Something In The Air Between Us,The Mighty Mighty Bosstones - 1-2-8,Sophie Milman - Something In The Air Between Us,Thomas Dolby - I Live In A Suitcase
TRLKNKC128F42BC213,SOBDDMF12A8C142F73,ART3U3E1187B99B1B8,Switchfoot,Oh! Gravity.,rock,Abba - Move On,Horace Andy - Horse With No Name,Daft Punk - Touch It / Technologic,Abba - Move On,Horace Andy - Horse With No Name,Daft Punk - Touch It / Technologic,Salif Keita - Tu Vas Me Manquer,Blur - This Is A Low,Horace Andy - Horse With No Name,Salif Keita - Tu Vas Me Manquer,Sanctus Real - Dear Heart,Blur - This Is A Low
TRVQBRZ128F423EEDC,SOLTQZY12A8C13262F,AR8V1WA1187B9AD9E9,The White Stripes,Hotel Yorba,rock,Lauryn Hill - Interlude 5,Beastie Boys - B-Boy Bouillabaisse: A.W.O.L. (2009 Digital Remaster),Twista - I'm A Winner (Amended Album Version),Lauryn Hill - Interlude 5,Beastie Boys - B-Boy Bouillabaisse: A.W.O.L. (2009 Digital Remaster),Twista - I'm A Winner (Amended Album Version),RODNEY CROWELL - Preachin' To The Choir,Eminem - Rabbit Run,Us3 - It's Like That,RODNEY CROWELL - Preachin' To The Choir,Eminem - Rabbit Run,OutKast - Claimin' True
TRBNXZS12903D0A686,SOECMVP12AB018584E,AR8V1WA1187B9AD9E9,The White Stripes,Prickly Thorn_ But Sweetly Worn (Live),rock,Electrelane - Cut And Run,Tryo - Yakamonéyé,Fonky Family - Sans Rémission,Electrelane - Cut And Run,Tryo - Yakamonéyé,The Darkness - Givin' Up (Clean Version),Emilie Simon - Dame De Lotus,Clannad - Newgrange,Desorden Público - Cachos De Vaca,Emilie Simon - Dame De Lotus,Clannad - Newgrange,Desorden Público - Cachos De Vaca
TRGGBKA128F428E461,SOUOWLT12B0B8090EE,AR8V1WA1187B9AD9E9,The White Stripes,St. Andrew (This Battle Is In The Air),rock,Beastie Boys - B-Boy Bouillabaisse: A.W.O.L. (2009 Digital Remaster),R. Kelly - I Mean (I Don't Mean It),Eminem - 8 Mile,R. Kelly - I Mean (I Don't Mean It),Beastie Boys - B-Boy Bouillabaisse: A.W.O.L. (2009 Digital Remaster),Eminem - 8 Mile,Johnny Cash - I Don't Know Where I'm Bound,Nancy Sinatra - Flowers On The Wall,K'Naan - Soobax,Johnny Cash - I Don't Know Where I'm Bound,Nancy Sinatra - Flowers On The Wall,K'Naan - Soobax
TRICQHX128F93269FC,SOCBJHG12AB018221C,ARHWR8B1187FB557D3,The Decemberists,I Was Meant For the Stage,rock,Lauryn Hill - Interlude 5,Beastie Boys - B-Boy Bouillabaisse: A.W.O.L. (2009 Digital Remaster),Eminem - My Darling,Lauryn Hill - Interlude 5,Beastie Boys - B-Boy Bouillabaisse: A.W.O.L. (2009 Digital Remaster),Eminem - My Darling,On Thorns I Lay - Unsung Songs,Snoop Dogg - Snoopafella (Edited),Stephanie McIntosh - Overcome,On Thorns I Lay - Unsung Songs,Snoop Dogg - Snoopafella (Edited),Stephanie McIntosh - Overcome
TRAFWEV128F428D391,SOLUABP12AF72A2CD2,ARQRQRA12131B4B5A8,Cake,Alpha Beta Parking Lot,rock,Public Enemy - Go Cat Go,Bowling For Soup - Here We Go,Jill Scott - Watching ME,Public Enemy - Go Cat Go,Bowling For Soup - Here We Go,Jill Scott - Watching ME,Allure - When The Shades Go Down,Memphis Minnie - Down In The Alley,Status Quo - Going Down Town Tonight,Allure - When The Shades Go Down,Memphis Minnie - Down In The Alley,Status Quo - Going Down Town Tonight
TRJRIBM128E0788E18,SODMWLI12AF72A4B62,ARN5NHX1187FB4F755,The Smashing Pumpkins,An Ode To No One,rock,Lauryn Hill - Interlude 5,Twista - I'm A Winner (Amended Album Version),Beastie Boys - B-Boy Bouillabaisse: A.W.O.L. (2009 Digital Remaster),Lauryn Hill - Interlude 5,Twista - I'm A Winner (Amended Album Version),Beastie Boys - B-Boy Bouillabaisse: A.W.O.L. (2009 Digital Remaster),Blues Traveler - Hook,Anastacia - Club Megamix,Eminem - My Darling,Blues Traveler - Hook,Anastacia - Club Megamix,Eminem - My Darling
TRIVTJA128F92C1E80,SOITHUR12D021B2253,AR4EQ231187B99368F,The Fray,Over My Head (Cable Car),rock,Beastie Boys - B-Boy Bouillabaisse: A.W.O.L. (2009 Digital Remaster),Lauryn Hill - Interlude 5,Eminem - 8 Mile,Beastie Boys - B-Boy Bouillabaisse: A.W.O.L. (2009 Digital Remaster),Lauryn Hill - Interlude 5,Rufio - Over It (Acoustic),A Tribe Called Quest - Baby Phife's Return,Aztec Camera - Over My Head,Aceyalone - Impact,A Tribe Called Quest - Baby Phife's Return,Aceyalone - Impact,Beastie Boys - B-Boy Bouillabaisse: A.W.O.L. (2009 Digital Remaster)
TRFLRXQ128F4280CCC,SOSUBHV12AF72A4220,ARNBMT71187B993523,Interpol,No I In Threesome,rock,Lauryn Hill - Interlude 5,Beastie Boys - B-Boy Bouillabaisse: A.W.O.L. (2009 Digital Remaster),The Pharcyde - Otha Fish,Lauryn Hill - Interlude 5,Beastie Boys - B-Boy Bouillabaisse: A.W.O.L. (2009 Digital Remaster),The Pharcyde - Otha Fish,Digable Planets - Time & Space (A New Refutation Of),Jamiroquai - Virtual Insanity,KRS ONE - I'm On The Mic,Digable Planets - Time & Space (A New Refutation Of),Jamiroquai - Virtual Insanity,KRS ONE - I'm On The Mic
TRYBPGK128F4255BE3,SOMZRXL12A81C224B9,ARNBMT71187B993523,Interpol,Pace Is The Trick,rock,Lauryn Hill - Interlude 5,Twista - I'm A Winner (Amended Album Version),Erykah Badu - I Want You,Lauryn Hill - Interlude 5,Twista - I'm A Winner (Amended Album Version),Erykah Badu - I Want You,Hello Saferide - Get Sick Soon,The Puppini Sisters - I Will Survive,Next - I Still Love You,Hello Saferide - Get Sick Soon,The Puppini Sisters - I Will Survive,Next - I Still Love You
TRGXNCJ128F425FB1C,SOMUPLQ12A8C137A19,ARD4C1I1187FB4B0C3,Pink Floyd,Embryo,rock,Beastie Boys - B-Boy Bouillabaisse: A.W.O.L. (2009 Digital Remaster),Eminem - 8 Mile,The Roots - Mellow My Man,Beastie Boys - B-Boy Bouillabaisse: A.W.O.L. (2009 Digital Remaster),Eminem - 8 Mile,The Roots - Mellow My Man,Jazzamor - a piece of my heart,Mos Def - Life Is Real,Z-RO - Pain,Jazzamor - a piece of my heart,Mos Def - Life Is Real,Z-RO - Pain
TRFNRGN128E0791E0E,SOWIUZN12AF72A8206,AROAILX1187FB3F858,Buckcherry,Borderline,rock,Lauryn Hill - Interlude 5,Twista - I'm A Winner (Amended Album Version),Beastie Boys - B-Boy Bouillabaisse: A.W.O.L. (2009 Digital Remaster),Lauryn Hill - Interlude 5,Twista - I'm A Winner (Amended Album Version),Beastie Boys - B-Boy Bouillabaisse: A.W.O.L. (2009 Digital Remaster),Blondie - Bang A Gong/Funtime (Live),Omarion - Slow Dancin',Del Amitri - Driving With The Brakes On,Omarion - Slow Dancin',Blondie - Bang A Gong/Funtime (Live),Del Amitri - Driving With The Brakes On
TROLTZX128E0791C1A,SOJMWLO12CF5CFD711,ARK9TRQ1187B99C095,Nine Inch Nails,March Of The Pigs,rock,Lauryn Hill - Interlude 5,Daft Punk - Touch It / Technologic,Vanilla Ice - Ice Is Workin' It,Daft Punk - Touch It / Technologic,Vanilla Ice - Ice Is Workin' It,Lauryn Hill - Interlude 5,Kosheen - I Want It All,Incognito - Givin' It Up,Utada - The Workout,Kosheen - I Want It All,Utada - The Workout,Incognito - Givin' It Up
TRJZZCN128E07938C5,SOCKPDE12A8C142F18,ARK9TRQ1187B99C095,Nine Inch Nails,Burn,rock,Lauryn Hill - Interlude 5,Twista - I'm A Winner (Amended Album Version),Erykah Badu - I Want You,Lauryn Hill - Interlude 5,Twista - I'm A Winner (Amended Album Version),Erykah Badu - I Want You,Leonard Cohen - Iodine,Dawn of Relic - The Awakening,KATAKLYSM - Beyond Salvation,Leonard Cohen - Iodine,Dawn of Relic - The Awakening,Brian McKnight - The Biggest Part Of Me
TRCZLLQ128E0792778,SOQQTFV12A6701C5F6,ARK9TRQ1187B99C095,Nine Inch Nails,Something I Can Never Have,rock,Lauryn Hill - Interlude 5,Twista - I'm A Winner (Amended Album Version),Erykah Badu - I Want You,Lauryn Hill - Interlude 5,Twista - I'm A Winner (Amended Album Version),Erykah Badu - I Want You,Bouncing Souls_ The - Pervert,Eminem - Rabbit Run,Alexandra Burke - Overcome,Bouncing Souls_ The - Pervert,Eminem - Rabbit Run,Scars Of Life - Descending
TRUIAKW128F428C787,SOKFHMY12A8C13EB40,AR16GSC1187B9A6291,Eagles,It's Your World Now,rock,Lauryn Hill - Interlude 5,Beastie Boys - B-Boy Bouillabaisse: A.W.O.L. (2009 Digital Remaster),Vanilla Ice - Ice Is Workin' It,Lauryn Hill - Interlude 5,Vanilla Ice - Ice Is Workin' It,Beastie Boys - B-Boy Bouillabaisse: A.W.O.L. (2009 Digital Remaster),M People - It's Your World,Dungeon Family - Trans DF Express,Jeru The Damaja - Physical Stamina,M People - It's Your World,Dungeon Family - Trans DF Express,Jeru The Damaja - Physical Stamina
TRCRHFK128F427FD8F,SOLBZDL12CF5F88BE5,AR5FP401187FB523C9,Bob Dylan,Something There Is About You,rock,Lauryn Hill - Interlude 5,Beastie Boys - B-Boy Bouillabaisse: A.W.O.L. (2009 Digital Remaster),Twista - I'm A Winner (Amended Album Version),Lauryn Hill - Interlude 5,Beastie Boys - B-Boy Bouillabaisse: A.W.O.L. (2009 Digital Remaster),Twista - I'm A Winner (Amended Album Version),Momus - Closer To You,Bobby Bare - Numbers,AZ - Rebirth,Momus - Closer To You,Bobby Bare - Numbers,AZ - Rebirth
TRMOUUU128F14ADE16,SOJFEHH12A6BD546BE,ART1UFU1187FB4C9B6,Hawk Nelson,From Underneath,rock,Lauryn Hill - Interlude 5,Twista - I'm A Winner (Amended Album Version),Beastie Boys - B-Boy Bouillabaisse: A.W.O.L. (2009 Digital Remaster),Lauryn Hill - Interlude 5,Twista - I'm A Winner (Amended Album Version),Erykah Badu - I Want You,Clawfinger - Revenge,Angela Bofill - I Try,Rachael Yamagata - Even So,Clawfinger - Revenge,Angela Bofill - I Try,Rachael Yamagata - Even So
TRCURQD128F427C75B,SORFOFF12A8C13B65E,ART1UFU1187FB4C9B6,Hawk Nelson,Turn It On,rock,Daft Punk - Touch It / Technologic,Vanilla Ice - Ice Is Workin' It,Lauryn Hill - Interlude 5,Daft Punk - Touch It / Technologic,Vanilla Ice - Ice Is Workin' It,Vanilla Ice - It's A Party,7 Seconds - Still On It,Gregory Isaac - Soon Forward,Daft Punk - Touch It / Technologic,7 Seconds - Still On It,Gregory Isaac - Soon Forward,Daft Punk - Touch It / Technologic
TRRKJGZ128F148128F,SOAQCXS12D02191FC1,ART1UFU1187FB4C9B6,Hawk Nelson,Something On My Mind,rock,Lauryn Hill - Interlude 5,Beastie Boys - B-Boy Bouillabaisse: A.W.O.L. (2009 Digital Remaster),Eminem - 8 Mile,Lauryn Hill - Interlude 5,Beastie Boys - B-Boy Bouillabaisse: A.W.O.L. (2009 Digital Remaster),Eminem - 8 Mile,Violent Femmes - Add It Up,2Pac - Strictly 4 My N.I.G.G.A.Z.,Bad Cash Quartet - Valentine,Violent Femmes - Add It Up,2Pac - Strictly 4 My N.I.G.G.A.Z.,Aesop Rock - Battery
